file,line,type,commit,author,date,time,timezone,datetime,depth,length
style.css,1,css,58da545e,kzambani,2025-01-24,20:01:55,-08:00,2025-01-24T20:01:55-08:00,0,10
style.css,2,css,58da545e,kzambani,2025-01-24,20:01:55,-08:00,2025-01-24T20:01:55-08:00,0,0
style.css,3,css,e8724803,kzambani,2025-01-10,18:13:48,-08:00,2025-01-10T18:13:48-08:00,0,5
style.css,4,css,e8724803,kzambani,2025-01-10,18:13:48,-08:00,2025-01-10T18:13:48-08:00,0,24
style.css,5,css,5d86fbef,kzambani,2025-01-17,14:48:43,-08:00,2025-01-17T14:48:43-08:00,0,16
style.css,6,css,5d86fbef,kzambani,2025-01-17,14:48:43,-08:00,2025-01-17T14:48:43-08:00,0,43
style.css,7,css,5d86fbef,kzambani,2025-01-17,14:48:43,-08:00,2025-01-17T14:48:43-08:00,0,0
style.css,8,css,5d86fbef,kzambani,2025-01-17,14:48:43,-08:00,2025-01-17T14:48:43-08:00,0,0
style.css,9,css,5d86fbef,kzambani,2025-01-17,14:48:43,-08:00,2025-01-17T14:48:43-08:00,0,15
style.css,10,css,5d86fbef,kzambani,2025-01-17,14:48:43,-08:00,2025-01-17T14:48:43-08:00,0,17
style.css,11,css,5d86fbef,kzambani,2025-01-17,14:48:43,-08:00,2025-01-17T14:48:43-08:00,0,0
style.css,12,css,5d86fbef,kzambani,2025-01-17,14:48:43,-08:00,2025-01-17T14:48:43-08:00,0,0
style.css,13,css,5d86fbef,kzambani,2025-01-17,14:48:43,-08:00,2025-01-17T14:48:43-08:00,0,4
style.css,14,css,5d86fbef,kzambani,2025-01-17,14:48:43,-08:00,2025-01-17T14:48:43-08:00,0,13
style.css,15,css,5d86fbef,kzambani,2025-01-17,14:48:43,-08:00,2025-01-17T14:48:43-08:00,0,18
style.css,16,css,5d86fbef,kzambani,2025-01-17,14:48:43,-08:00,2025-01-17T14:48:43-08:00,0,42
style.css,17,css,5d86fbef,kzambani,2025-01-17,14:48:43,-08:00,2025-01-17T14:48:43-08:00,0,0
style.css,18,css,5d86fbef,kzambani,2025-01-17,14:48:43,-08:00,2025-01-17T14:48:43-08:00,0,0
style.css,19,css,5d86fbef,kzambani,2025-01-17,14:48:43,-08:00,2025-01-17T14:48:43-08:00,0,6
style.css,20,css,5d86fbef,kzambani,2025-01-17,14:48:43,-08:00,2025-01-17T14:48:43-08:00,0,7
style.css,21,css,5d86fbef,kzambani,2025-01-17,14:48:43,-08:00,2025-01-17T14:48:43-08:00,0,21
style.css,22,css,5d86fbef,kzambani,2025-01-17,14:48:43,-08:00,2025-01-17T14:48:43-08:00,0,14
style.css,23,css,5d86fbef,kzambani,2025-01-17,14:48:43,-08:00,2025-01-17T14:48:43-08:00,0,18
style.css,24,css,5d86fbef,kzambani,2025-01-17,14:48:43,-08:00,2025-01-17T14:48:43-08:00,0,14
style.css,25,css,5d86fbef,kzambani,2025-01-17,14:48:43,-08:00,2025-01-17T14:48:43-08:00,0,0
style.css,26,css,5d86fbef,kzambani,2025-01-17,14:48:43,-08:00,2025-01-17T14:48:43-08:00,0,0
style.css,27,css,5d86fbef,kzambani,2025-01-17,14:48:43,-08:00,2025-01-17T14:48:43-08:00,0,14
style.css,28,css,5d86fbef,kzambani,2025-01-17,14:48:43,-08:00,2025-01-17T14:48:43-08:00,0,44
style.css,29,css,5d86fbef,kzambani,2025-01-17,14:48:43,-08:00,2025-01-17T14:48:43-08:00,0,21
style.css,30,css,5d86fbef,kzambani,2025-01-17,14:48:43,-08:00,2025-01-17T14:48:43-08:00,0,0
style.css,31,css,5d86fbef,kzambani,2025-01-17,14:48:43,-08:00,2025-01-17T14:48:43-08:00,0,0
style.css,32,css,5d86fbef,kzambani,2025-01-17,14:48:43,-08:00,2025-01-17T14:48:43-08:00,0,6
style.css,33,css,5d86fbef,kzambani,2025-01-17,14:48:43,-08:00,2025-01-17T14:48:43-08:00,0,31
style.css,34,css,5d86fbef,kzambani,2025-01-17,14:48:43,-08:00,2025-01-17T14:48:43-08:00,0,0
style.css,35,css,5d86fbef,kzambani,2025-01-17,14:48:43,-08:00,2025-01-17T14:48:43-08:00,0,0
style.css,36,css,5d86fbef,kzambani,2025-01-17,14:48:43,-08:00,2025-01-17T14:48:43-08:00,0,12
style.css,37,css,5d86fbef,kzambani,2025-01-17,14:48:43,-08:00,2025-01-17T14:48:43-08:00,0,46
style.css,38,css,5d86fbef,kzambani,2025-01-17,14:48:43,-08:00,2025-01-17T14:48:43-08:00,0,56
style.css,39,css,5d86fbef,kzambani,2025-01-17,14:48:43,-08:00,2025-01-17T14:48:43-08:00,0,0
style.css,40,css,5d86fbef,kzambani,2025-01-17,14:48:43,-08:00,2025-01-17T14:48:43-08:00,0,0
style.css,41,css,5d86fbef,kzambani,2025-01-17,14:48:43,-08:00,2025-01-17T14:48:43-08:00,0,10
style.css,42,css,5d86fbef,kzambani,2025-01-17,14:48:43,-08:00,2025-01-17T14:48:43-08:00,0,13
style.css,43,css,5d86fbef,kzambani,2025-01-17,14:48:43,-08:00,2025-01-17T14:48:43-08:00,0,12
style.css,44,css,5d86fbef,kzambani,2025-01-17,14:48:43,-08:00,2025-01-17T14:48:43-08:00,0,13
style.css,45,css,5d86fbef,kzambani,2025-01-17,14:48:43,-08:00,2025-01-17T14:48:43-08:00,0,0
style.css,46,css,5d86fbef,kzambani,2025-01-17,14:48:43,-08:00,2025-01-17T14:48:43-08:00,0,0
style.css,47,css,5d86fbef,kzambani,2025-01-17,14:48:43,-08:00,2025-01-17T14:48:43-08:00,0,5
style.css,48,css,5d86fbef,kzambani,2025-01-17,14:48:43,-08:00,2025-01-17T14:48:43-08:00,0,13
style.css,49,css,5d86fbef,kzambani,2025-01-17,14:48:43,-08:00,2025-01-17T14:48:43-08:00,0,31
style.css,50,css,5d86fbef,kzambani,2025-01-17,14:48:43,-08:00,2025-01-17T14:48:43-08:00,0,8
style.css,51,css,5d86fbef,kzambani,2025-01-17,14:48:43,-08:00,2025-01-17T14:48:43-08:00,0,0
style.css,52,css,5d86fbef,kzambani,2025-01-17,14:48:43,-08:00,2025-01-17T14:48:43-08:00,0,0
style.css,53,css,5d86fbef,kzambani,2025-01-17,14:48:43,-08:00,2025-01-17T14:48:43-08:00,0,11
style.css,54,css,5d86fbef,kzambani,2025-01-17,14:48:43,-08:00,2025-01-17T14:48:43-08:00,0,13
style.css,55,css,5d86fbef,kzambani,2025-01-17,14:48:43,-08:00,2025-01-17T14:48:43-08:00,0,30
style.css,56,css,5d86fbef,kzambani,2025-01-17,14:48:43,-08:00,2025-01-17T14:48:43-08:00,0,19
style.css,57,css,5d86fbef,kzambani,2025-01-17,14:48:43,-08:00,2025-01-17T14:48:43-08:00,0,0
style.css,58,css,5d86fbef,kzambani,2025-01-17,14:48:43,-08:00,2025-01-17T14:48:43-08:00,0,0
style.css,59,css,5d86fbef,kzambani,2025-01-17,14:48:43,-08:00,2025-01-17T14:48:43-08:00,0,10
style.css,60,css,5d86fbef,kzambani,2025-01-17,14:48:43,-08:00,2025-01-17T14:48:43-08:00,0,13
style.css,61,css,5d86fbef,kzambani,2025-01-17,14:48:43,-08:00,2025-01-17T14:48:43-08:00,0,59
style.css,62,css,5d86fbef,kzambani,2025-01-17,14:48:43,-08:00,2025-01-17T14:48:43-08:00,0,0
style.css,63,css,5d86fbef,kzambani,2025-01-17,14:48:43,-08:00,2025-01-17T14:48:43-08:00,0,0
style.css,64,css,5d86fbef,kzambani,2025-01-17,14:48:43,-08:00,2025-01-17T14:48:43-08:00,0,18
style.css,65,css,5d86fbef,kzambani,2025-01-17,14:48:43,-08:00,2025-01-17T14:48:43-08:00,0,13
style.css,66,css,5d86fbef,kzambani,2025-01-17,14:48:43,-08:00,2025-01-17T14:48:43-08:00,0,27
style.css,67,css,5d86fbef,kzambani,2025-01-17,14:48:43,-08:00,2025-01-17T14:48:43-08:00,0,16
style.css,68,css,5d86fbef,kzambani,2025-01-17,14:48:43,-08:00,2025-01-17T14:48:43-08:00,0,10
style.css,69,css,5d86fbef,kzambani,2025-01-17,14:48:43,-08:00,2025-01-17T14:48:43-08:00,0,0
style.css,70,css,5d86fbef,kzambani,2025-01-17,14:48:43,-08:00,2025-01-17T14:48:43-08:00,0,0
style.css,71,css,5d86fbef,kzambani,2025-01-17,14:48:43,-08:00,2025-01-17T14:48:43-08:00,0,21
style.css,72,css,5d86fbef,kzambani,2025-01-17,14:48:43,-08:00,2025-01-17T14:48:43-08:00,0,9
style.css,73,css,5d86fbef,kzambani,2025-01-17,14:48:43,-08:00,2025-01-17T14:48:43-08:00,0,0
style.css,74,css,5d86fbef,kzambani,2025-01-17,14:48:43,-08:00,2025-01-17T14:48:43-08:00,0,0
style.css,75,css,5d86fbef,kzambani,2025-01-17,14:48:43,-08:00,2025-01-17T14:48:43-08:00,0,3
style.css,76,css,5d86fbef,kzambani,2025-01-17,14:48:43,-08:00,2025-01-17T14:48:43-08:00,0,15
style.css,77,css,5d86fbef,kzambani,2025-01-17,14:48:43,-08:00,2025-01-17T14:48:43-08:00,0,18
style.css,78,css,5d86fbef,kzambani,2025-01-17,14:48:43,-08:00,2025-01-17T14:48:43-08:00,0,0
style.css,79,css,5d86fbef,kzambani,2025-01-17,14:48:43,-08:00,2025-01-17T14:48:43-08:00,0,0
style.css,80,css,5d86fbef,kzambani,2025-01-17,14:48:43,-08:00,2025-01-17T14:48:43-08:00,0,23
style.css,81,css,5d86fbef,kzambani,2025-01-17,14:48:43,-08:00,2025-01-17T14:48:43-08:00,0,16
style.css,82,css,5d86fbef,kzambani,2025-01-17,14:48:43,-08:00,2025-01-17T14:48:43-08:00,0,18
style.css,83,css,5d86fbef,kzambani,2025-01-17,14:48:43,-08:00,2025-01-17T14:48:43-08:00,0,0
style.css,84,css,5d86fbef,kzambani,2025-01-17,14:48:43,-08:00,2025-01-17T14:48:43-08:00,0,0
style.css,85,css,5d86fbef,kzambani,2025-01-17,14:48:43,-08:00,2025-01-17T14:48:43-08:00,0,5
style.css,86,css,5d86fbef,kzambani,2025-01-17,14:48:43,-08:00,2025-01-17T14:48:43-08:00,0,32
style.css,87,css,5d86fbef,kzambani,2025-01-17,14:48:43,-08:00,2025-01-17T14:48:43-08:00,0,16
style.css,88,css,5d86fbef,kzambani,2025-01-17,14:48:43,-08:00,2025-01-17T14:48:43-08:00,0,25
style.css,89,css,5d86fbef,kzambani,2025-01-17,14:48:43,-08:00,2025-01-17T14:48:43-08:00,0,11
style.css,90,css,5d86fbef,kzambani,2025-01-17,14:48:43,-08:00,2025-01-17T14:48:43-08:00,0,15
style.css,91,css,5d86fbef,kzambani,2025-01-17,14:48:43,-08:00,2025-01-17T14:48:43-08:00,0,0
style.css,92,css,5d86fbef,kzambani,2025-01-17,14:48:43,-08:00,2025-01-17T14:48:43-08:00,0,0
style.css,93,css,5d86fbef,kzambani,2025-01-17,14:48:43,-08:00,2025-01-17T14:48:43-08:00,0,12
style.css,94,css,5d86fbef,kzambani,2025-01-17,14:48:43,-08:00,2025-01-17T14:48:43-08:00,0,25
style.css,95,css,5d86fbef,kzambani,2025-01-17,14:48:43,-08:00,2025-01-17T14:48:43-08:00,0,0
style.css,96,css,5d86fbef,kzambani,2025-01-17,14:48:43,-08:00,2025-01-17T14:48:43-08:00,0,0
style.css,97,css,5d86fbef,kzambani,2025-01-17,14:48:43,-08:00,2025-01-17T14:48:43-08:00,0,19
style.css,98,css,5d86fbef,kzambani,2025-01-17,14:48:43,-08:00,2025-01-17T14:48:43-08:00,0,18
style.css,99,css,5d86fbef,kzambani,2025-01-17,14:48:43,-08:00,2025-01-17T14:48:43-08:00,0,25
style.css,100,css,5d86fbef,kzambani,2025-01-17,14:48:43,-08:00,2025-01-17T14:48:43-08:00,0,11
style.css,101,css,5d86fbef,kzambani,2025-01-17,14:48:43,-08:00,2025-01-17T14:48:43-08:00,0,14
style.css,102,css,5d86fbef,kzambani,2025-01-17,14:48:43,-08:00,2025-01-17T14:48:43-08:00,0,20
style.css,103,css,5d86fbef,kzambani,2025-01-17,14:48:43,-08:00,2025-01-17T14:48:43-08:00,0,18
style.css,104,css,5d86fbef,kzambani,2025-01-17,14:48:43,-08:00,2025-01-17T14:48:43-08:00,0,0
style.css,105,css,5d86fbef,kzambani,2025-01-17,14:48:43,-08:00,2025-01-17T14:48:43-08:00,0,0
style.css,106,css,5d86fbef,kzambani,2025-01-17,14:48:43,-08:00,2025-01-17T14:48:43-08:00,0,22
style.css,107,css,5d86fbef,kzambani,2025-01-17,14:48:43,-08:00,2025-01-17T14:48:43-08:00,0,14
style.css,108,css,5d86fbef,kzambani,2025-01-17,14:48:43,-08:00,2025-01-17T14:48:43-08:00,0,20
style.css,109,css,5d86fbef,kzambani,2025-01-17,14:48:43,-08:00,2025-01-17T14:48:43-08:00,0,0
style.css,110,css,5d86fbef,kzambani,2025-01-17,14:48:43,-08:00,2025-01-17T14:48:43-08:00,0,0
style.css,111,css,5d86fbef,kzambani,2025-01-17,14:48:43,-08:00,2025-01-17T14:48:43-08:00,0,20
style.css,112,css,5d86fbef,kzambani,2025-01-17,14:48:43,-08:00,2025-01-17T14:48:43-08:00,0,18
style.css,113,css,5d86fbef,kzambani,2025-01-17,14:48:43,-08:00,2025-01-17T14:48:43-08:00,0,0
style.css,114,css,5d86fbef,kzambani,2025-01-17,14:48:43,-08:00,2025-01-17T14:48:43-08:00,0,0
style.css,115,css,5d86fbef,kzambani,2025-01-17,14:48:43,-08:00,2025-01-17T14:48:43-08:00,0,23
style.css,116,css,5d86fbef,kzambani,2025-01-17,14:48:43,-08:00,2025-01-17T14:48:43-08:00,0,16
style.css,117,css,5d86fbef,kzambani,2025-01-17,14:48:43,-08:00,2025-01-17T14:48:43-08:00,0,18
style.css,118,css,5d86fbef,kzambani,2025-01-17,14:48:43,-08:00,2025-01-17T14:48:43-08:00,0,14
style.css,119,css,5d86fbef,kzambani,2025-01-17,14:48:43,-08:00,2025-01-17T14:48:43-08:00,0,32
style.css,120,css,5d86fbef,kzambani,2025-01-17,14:48:43,-08:00,2025-01-17T14:48:43-08:00,0,21
style.css,121,css,5d86fbef,kzambani,2025-01-17,14:48:43,-08:00,2025-01-17T14:48:43-08:00,0,0
style.css,122,css,5d86fbef,kzambani,2025-01-17,14:48:43,-08:00,2025-01-17T14:48:43-08:00,0,0
style.css,123,css,5d86fbef,kzambani,2025-01-17,14:48:43,-08:00,2025-01-17T14:48:43-08:00,0,31
style.css,124,css,5d86fbef,kzambani,2025-01-17,14:48:43,-08:00,2025-01-17T14:48:43-08:00,0,14
style.css,125,css,5d86fbef,kzambani,2025-01-17,14:48:43,-08:00,2025-01-17T14:48:43-08:00,0,0
style.css,126,css,5d86fbef,kzambani,2025-01-17,14:48:43,-08:00,2025-01-17T14:48:43-08:00,0,0
style.css,127,css,5d86fbef,kzambani,2025-01-17,14:48:43,-08:00,2025-01-17T14:48:43-08:00,0,37
style.css,128,css,5d86fbef,kzambani,2025-01-17,14:48:43,-08:00,2025-01-17T14:48:43-08:00,0,14
style.css,129,css,58da545e,kzambani,2025-01-24,20:01:55,-08:00,2025-01-24T20:01:55-08:00,0,0
style.css,130,css,58da545e,kzambani,2025-01-24,20:01:55,-08:00,2025-01-24T20:01:55-08:00,0,0
style.css,131,css,58da545e,kzambani,2025-01-24,20:01:55,-08:00,2025-01-24T20:01:55-08:00,0,20
style.css,132,css,58da545e,kzambani,2025-01-24,20:01:55,-08:00,2025-01-24T20:01:55-08:00,0,0
style.css,133,css,58da545e,kzambani,2025-01-24,20:01:55,-08:00,2025-01-24T20:01:55-08:00,0,38
style.css,134,css,58da545e,kzambani,2025-01-24,20:01:55,-08:00,2025-01-24T20:01:55-08:00,0,5
style.css,135,css,58da545e,kzambani,2025-01-24,20:01:55,-08:00,2025-01-24T20:01:55-08:00,0,24
style.css,136,css,58da545e,kzambani,2025-01-24,20:01:55,-08:00,2025-01-24T20:01:55-08:00,0,0
style.css,137,css,58da545e,kzambani,2025-01-24,20:01:55,-08:00,2025-01-24T20:01:55-08:00,0,0
style.css,138,css,58da545e,kzambani,2025-01-24,20:01:55,-08:00,2025-01-24T20:01:55-08:00,0,34
style.css,139,css,58da545e,kzambani,2025-01-24,20:01:55,-08:00,2025-01-24T20:01:55-08:00,0,4
style.css,140,css,58da545e,kzambani,2025-01-24,20:01:55,-08:00,2025-01-24T20:01:55-08:00,0,40
style.css,141,css,58da545e,kzambani,2025-01-24,20:01:55,-08:00,2025-01-24T20:01:55-08:00,0,40
style.css,142,css,58da545e,kzambani,2025-01-24,20:01:55,-08:00,2025-01-24T20:01:55-08:00,0,0
style.css,143,css,58da545e,kzambani,2025-01-24,20:01:55,-08:00,2025-01-24T20:01:55-08:00,0,0
style.css,144,css,58da545e,kzambani,2025-01-24,20:01:55,-08:00,2025-01-24T20:01:55-08:00,0,27
style.css,145,css,58da545e,kzambani,2025-01-24,20:01:55,-08:00,2025-01-24T20:01:55-08:00,0,8
style.css,146,css,58da545e,kzambani,2025-01-24,20:01:55,-08:00,2025-01-24T20:01:55-08:00,0,70
style.css,147,css,58da545e,kzambani,2025-01-24,20:01:55,-08:00,2025-01-24T20:01:55-08:00,0,0
style.css,148,css,58da545e,kzambani,2025-01-24,20:01:55,-08:00,2025-01-24T20:01:55-08:00,0,0
style.css,149,css,58da545e,kzambani,2025-01-24,20:01:55,-08:00,2025-01-24T20:01:55-08:00,0,25
style.css,150,css,58da545e,kzambani,2025-01-24,20:01:55,-08:00,2025-01-24T20:01:55-08:00,0,22
style.css,151,css,58da545e,kzambani,2025-01-24,20:01:55,-08:00,2025-01-24T20:01:55-08:00,0,18
style.css,152,css,58da545e,kzambani,2025-01-24,20:01:55,-08:00,2025-01-24T20:01:55-08:00,0,9
style.css,153,css,58da545e,kzambani,2025-01-24,20:01:55,-08:00,2025-01-24T20:01:55-08:00,0,11
style.css,154,css,58da545e,kzambani,2025-01-24,20:01:55,-08:00,2025-01-24T20:01:55-08:00,0,14
style.css,155,css,58da545e,kzambani,2025-01-24,20:01:55,-08:00,2025-01-24T20:01:55-08:00,0,11
style.css,156,css,58da545e,kzambani,2025-01-24,20:01:55,-08:00,2025-01-24T20:01:55-08:00,0,0
style.css,157,css,58da545e,kzambani,2025-01-24,20:01:55,-08:00,2025-01-24T20:01:55-08:00,0,0
style.css,158,css,58da545e,kzambani,2025-01-24,20:01:55,-08:00,2025-01-24T20:01:55-08:00,0,36
style.css,159,css,58da545e,kzambani,2025-01-24,20:01:55,-08:00,2025-01-24T20:01:55-08:00,0,5
style.css,160,css,58da545e,kzambani,2025-01-24,20:01:55,-08:00,2025-01-24T20:01:55-08:00,0,25
style.css,161,css,58da545e,kzambani,2025-01-24,20:01:55,-08:00,2025-01-24T20:01:55-08:00,0,14
style.css,162,css,58da545e,kzambani,2025-01-24,20:01:55,-08:00,2025-01-24T20:01:55-08:00,0,0
style.css,163,css,58da545e,kzambani,2025-01-24,20:01:55,-08:00,2025-01-24T20:01:55-08:00,0,0
style.css,164,css,58da545e,kzambani,2025-01-24,20:01:55,-08:00,2025-01-24T20:01:55-08:00,0,4
style.css,165,css,58da545e,kzambani,2025-01-24,20:01:55,-08:00,2025-01-24T20:01:55-08:00,0,45
style.css,166,css,58da545e,kzambani,2025-01-24,20:01:55,-08:00,2025-01-24T20:01:55-08:00,0,0
style.css,167,css,58da545e,kzambani,2025-01-24,20:01:55,-08:00,2025-01-24T20:01:55-08:00,0,0
style.css,168,css,322ff4e5,kzambani,2025-01-31,11:19:28,-08:00,2025-01-31T11:19:28-08:00,0,0
style.css,169,css,322ff4e5,kzambani,2025-01-31,11:19:28,-08:00,2025-01-31T11:19:28-08:00,0,0
style.css,170,css,322ff4e5,kzambani,2025-01-31,11:19:28,-08:00,2025-01-31T11:19:28-08:00,0,25
style.css,171,css,322ff4e5,kzambani,2025-01-31,11:19:28,-08:00,2025-01-31T11:19:28-08:00,0,0
style.css,172,css,322ff4e5,kzambani,2025-01-31,11:19:28,-08:00,2025-01-31T11:19:28-08:00,0,15
style.css,173,css,322ff4e5,kzambani,2025-01-31,11:19:28,-08:00,2025-01-31T11:19:28-08:00,0,16
style.css,174,css,322ff4e5,kzambani,2025-01-31,11:19:28,-08:00,2025-01-31T11:19:28-08:00,0,13
style.css,175,css,322ff4e5,kzambani,2025-01-31,11:19:28,-08:00,2025-01-31T11:19:28-08:00,0,19
style.css,176,css,322ff4e5,kzambani,2025-01-31,11:19:28,-08:00,2025-01-31T11:19:28-08:00,0,22
style.css,177,css,322ff4e5,kzambani,2025-01-31,11:19:28,-08:00,2025-01-31T11:19:28-08:00,0,18
style.css,178,css,322ff4e5,kzambani,2025-01-31,11:19:28,-08:00,2025-01-31T11:19:28-08:00,0,18
style.css,179,css,322ff4e5,kzambani,2025-01-31,11:19:28,-08:00,2025-01-31T11:19:28-08:00,0,0
style.css,180,css,322ff4e5,kzambani,2025-01-31,11:19:28,-08:00,2025-01-31T11:19:28-08:00,0,0
style.css,181,css,322ff4e5,kzambani,2025-01-31,11:19:28,-08:00,2025-01-31T11:19:28-08:00,0,18
style.css,182,css,322ff4e5,kzambani,2025-01-31,11:19:28,-08:00,2025-01-31T11:19:28-08:00,0,13
style.css,183,css,322ff4e5,kzambani,2025-01-31,11:19:28,-08:00,2025-01-31T11:19:28-08:00,0,30
style.css,184,css,322ff4e5,kzambani,2025-01-31,11:19:28,-08:00,2025-01-31T11:19:28-08:00,0,8
style.css,185,css,322ff4e5,kzambani,2025-01-31,11:19:28,-08:00,2025-01-31T11:19:28-08:00,0,0
style.css,186,css,322ff4e5,kzambani,2025-01-31,11:19:28,-08:00,2025-01-31T11:19:28-08:00,0,0
style.css,187,css,322ff4e5,kzambani,2025-01-31,11:19:28,-08:00,2025-01-31T11:19:28-08:00,0,18
style.css,188,css,322ff4e5,kzambani,2025-01-31,11:19:28,-08:00,2025-01-31T11:19:28-08:00,0,17
style.css,189,css,322ff4e5,kzambani,2025-01-31,11:19:28,-08:00,2025-01-31T11:19:28-08:00,0,0
style.css,190,css,322ff4e5,kzambani,2025-01-31,11:19:28,-08:00,2025-01-31T11:19:28-08:00,0,0
style.css,191,css,322ff4e5,kzambani,2025-01-31,11:19:28,-08:00,2025-01-31T11:19:28-08:00,0,18
style.css,192,css,322ff4e5,kzambani,2025-01-31,11:19:28,-08:00,2025-01-31T11:19:28-08:00,0,9
style.css,193,css,322ff4e5,kzambani,2025-01-31,11:19:28,-08:00,2025-01-31T11:19:28-08:00,0,0
style.css,194,css,322ff4e5,kzambani,2025-01-31,11:19:28,-08:00,2025-01-31T11:19:28-08:00,0,0
style.css,195,css,1481b56b,kzambani,2025-02-07,17:59:32,-08:00,2025-02-07T17:59:32-08:00,0,15
style.css,196,css,1481b56b,kzambani,2025-02-07,17:59:32,-08:00,2025-02-07T17:59:32-08:00,0,15
style.css,197,css,1481b56b,kzambani,2025-02-07,17:59:32,-08:00,2025-02-07T17:59:32-08:00,0,17
style.css,198,css,1481b56b,kzambani,2025-02-07,17:59:32,-08:00,2025-02-07T17:59:32-08:00,0,0
style.css,199,css,1481b56b,kzambani,2025-02-07,17:59:32,-08:00,2025-02-07T17:59:32-08:00,0,17
style.css,200,css,1481b56b,kzambani,2025-02-07,17:59:32,-08:00,2025-02-07T17:59:32-08:00,0,0
style.css,201,css,1481b56b,kzambani,2025-02-07,17:59:32,-08:00,2025-02-07T17:59:32-08:00,0,0
style.css,202,css,1481b56b,kzambani,2025-02-07,17:59:32,-08:00,2025-02-07T17:59:32-08:00,0,33
style.css,203,css,1481b56b,kzambani,2025-02-07,17:59:32,-08:00,2025-02-07T17:59:32-08:00,0,15
style.css,204,css,1481b56b,kzambani,2025-02-07,17:59:32,-08:00,2025-02-07T17:59:32-08:00,0,15
style.css,205,css,1481b56b,kzambani,2025-02-07,17:59:32,-08:00,2025-02-07T17:59:32-08:00,0,17
style.css,206,css,1481b56b,kzambani,2025-02-07,17:59:32,-08:00,2025-02-07T17:59:32-08:00,0,0
style.css,207,css,1481b56b,kzambani,2025-02-07,17:59:32,-08:00,2025-02-07T17:59:32-08:00,0,17
style.css,208,css,1481b56b,kzambani,2025-02-07,17:59:32,-08:00,2025-02-07T17:59:32-08:00,0,0
style.css,209,css,1481b56b,kzambani,2025-02-07,17:59:32,-08:00,2025-02-07T17:59:32-08:00,0,0
style.css,210,css,1481b56b,kzambani,2025-02-07,17:59:32,-08:00,2025-02-07T17:59:32-08:00,0,11
style.css,211,css,1481b56b,kzambani,2025-02-07,17:59:32,-08:00,2025-02-07T17:59:32-08:00,0,13
style.css,212,css,1481b56b,kzambani,2025-02-07,17:59:32,-08:00,2025-02-07T17:59:32-08:00,0,7
style.css,213,css,1481b56b,kzambani,2025-02-07,17:59:32,-08:00,2025-02-07T17:59:32-08:00,0,19
style.css,214,css,1481b56b,kzambani,2025-02-07,17:59:32,-08:00,2025-02-07T17:59:32-08:00,0,9
style.css,215,css,1481b56b,kzambani,2025-02-07,17:59:32,-08:00,2025-02-07T17:59:32-08:00,0,16
style.css,216,css,1481b56b,kzambani,2025-02-07,17:59:32,-08:00,2025-02-07T17:59:32-08:00,0,0
style.css,217,css,1481b56b,kzambani,2025-02-07,17:59:32,-08:00,2025-02-07T17:59:32-08:00,0,0
style.css,218,css,1481b56b,kzambani,2025-02-07,17:59:32,-08:00,2025-02-07T17:59:32-08:00,0,8
style.css,219,css,1481b56b,kzambani,2025-02-07,17:59:32,-08:00,2025-02-07T17:59:32-08:00,0,16
style.css,220,css,1481b56b,kzambani,2025-02-07,17:59:32,-08:00,2025-02-07T17:59:32-08:00,0,36
style.css,221,css,1481b56b,kzambani,2025-02-07,17:59:32,-08:00,2025-02-07T17:59:32-08:00,0,10
style.css,222,css,1481b56b,kzambani,2025-02-07,17:59:32,-08:00,2025-02-07T17:59:32-08:00,0,13
style.css,223,css,1481b56b,kzambani,2025-02-07,17:59:32,-08:00,2025-02-07T17:59:32-08:00,0,15
style.css,224,css,1481b56b,kzambani,2025-02-07,17:59:32,-08:00,2025-02-07T17:59:32-08:00,0,9
style.css,225,css,1481b56b,kzambani,2025-02-07,17:59:32,-08:00,2025-02-07T17:59:32-08:00,0,23
style.css,226,css,1481b56b,kzambani,2025-02-07,17:59:32,-08:00,2025-02-07T17:59:32-08:00,0,0
style.css,227,css,1481b56b,kzambani,2025-02-07,17:59:32,-08:00,2025-02-07T17:59:32-08:00,0,0
style.css,228,css,1481b56b,kzambani,2025-02-07,17:59:32,-08:00,2025-02-07T17:59:32-08:00,0,11
style.css,229,css,1481b56b,kzambani,2025-02-07,17:59:32,-08:00,2025-02-07T17:59:32-08:00,0,13
style.css,230,css,1481b56b,kzambani,2025-02-07,17:59:32,-08:00,2025-02-07T17:59:32-08:00,0,19
style.css,231,css,1481b56b,kzambani,2025-02-07,17:59:32,-08:00,2025-02-07T17:59:32-08:00,0,8
style.css,232,css,1481b56b,kzambani,2025-02-07,17:59:32,-08:00,2025-02-07T17:59:32-08:00,0,0
style.css,233,css,1481b56b,kzambani,2025-02-07,17:59:32,-08:00,2025-02-07T17:59:32-08:00,0,0
style.css,234,css,1481b56b,kzambani,2025-02-07,17:59:32,-08:00,2025-02-07T17:59:32-08:00,0,16
style.css,235,css,1481b56b,kzambani,2025-02-07,17:59:32,-08:00,2025-02-07T17:59:32-08:00,0,11
style.css,236,css,1481b56b,kzambani,2025-02-07,17:59:32,-08:00,2025-02-07T17:59:32-08:00,0,12
style.css,237,css,1481b56b,kzambani,2025-02-07,17:59:32,-08:00,2025-02-07T17:59:32-08:00,0,21
style.css,238,css,1481b56b,kzambani,2025-02-07,17:59:32,-08:00,2025-02-07T17:59:32-08:00,0,30
style.css,239,css,1481b56b,kzambani,2025-02-07,17:59:32,-08:00,2025-02-07T17:59:32-08:00,0,18
style.css,240,css,1481b56b,kzambani,2025-02-07,17:59:32,-08:00,2025-02-07T17:59:32-08:00,0,0
style.css,241,css,1481b56b,kzambani,2025-02-07,17:59:32,-08:00,2025-02-07T17:59:32-08:00,0,0
style.css,242,css,1481b56b,kzambani,2025-02-07,17:59:32,-08:00,2025-02-07T17:59:32-08:00,0,18
style.css,243,css,1481b56b,kzambani,2025-02-07,17:59:32,-08:00,2025-02-07T17:59:32-08:00,0,17
style.css,244,css,1481b56b,kzambani,2025-02-07,17:59:32,-08:00,2025-02-07T17:59:32-08:00,0,12
style.css,245,css,1481b56b,kzambani,2025-02-07,17:59:32,-08:00,2025-02-07T17:59:32-08:00,0,0
style.css,246,css,1481b56b,kzambani,2025-02-07,17:59:32,-08:00,2025-02-07T17:59:32-08:00,0,0
style.css,247,css,1481b56b,kzambani,2025-02-07,17:59:32,-08:00,2025-02-07T17:59:32-08:00,0,0
style.css,248,css,1481b56b,kzambani,2025-02-07,17:59:32,-08:00,2025-02-07T17:59:32-08:00,0,5
style.css,249,css,1481b56b,kzambani,2025-02-07,17:59:32,-08:00,2025-02-07T17:59:32-08:00,0,17
style.css,250,css,1481b56b,kzambani,2025-02-07,17:59:32,-08:00,2025-02-07T17:59:32-08:00,0,0
style.css,251,css,1481b56b,kzambani,2025-02-07,17:59:32,-08:00,2025-02-07T17:59:32-08:00,0,0
style.css,252,css,1481b56b,kzambani,2025-02-07,17:59:32,-08:00,2025-02-07T17:59:32-08:00,0,10
style.css,253,css,1481b56b,kzambani,2025-02-07,17:59:32,-08:00,2025-02-07T17:59:32-08:00,0,47
style.css,254,css,1481b56b,kzambani,2025-02-07,17:59:32,-08:00,2025-02-07T17:59:32-08:00,0,0
style.css,255,css,1481b56b,kzambani,2025-02-07,17:59:32,-08:00,2025-02-07T17:59:32-08:00,0,11
style.css,256,css,1481b56b,kzambani,2025-02-07,17:59:32,-08:00,2025-02-07T17:59:32-08:00,0,18
style.css,257,css,1481b56b,kzambani,2025-02-07,17:59:32,-08:00,2025-02-07T17:59:32-08:00,0,0
style.css,258,css,1481b56b,kzambani,2025-02-07,17:59:32,-08:00,2025-02-07T17:59:32-08:00,0,0
style.css,259,css,1481b56b,kzambani,2025-02-07,17:59:32,-08:00,2025-02-07T17:59:32-08:00,0,0
style.css,260,css,1481b56b,kzambani,2025-02-07,17:59:32,-08:00,2025-02-07T17:59:32-08:00,0,5
style.css,261,css,1481b56b,kzambani,2025-02-07,17:59:32,-08:00,2025-02-07T17:59:32-08:00,0,15
style.css,262,css,1481b56b,kzambani,2025-02-07,17:59:32,-08:00,2025-02-07T17:59:32-08:00,0,0
style.css,263,css,1481b56b,kzambani,2025-02-07,17:59:32,-08:00,2025-02-07T17:59:32-08:00,0,0
style.css,264,css,1481b56b,kzambani,2025-02-07,17:59:32,-08:00,2025-02-07T17:59:32-08:00,0,21
style.css,265,css,1481b56b,kzambani,2025-02-07,17:59:32,-08:00,2025-02-07T17:59:32-08:00,0,18
style.css,266,css,1481b56b,kzambani,2025-02-07,17:59:32,-08:00,2025-02-07T17:59:32-08:00,0,14
style.css,267,css,1481b56b,kzambani,2025-02-07,17:59:32,-08:00,2025-02-07T17:59:32-08:00,0,13
style.css,268,css,1481b56b,kzambani,2025-02-07,17:59:32,-08:00,2025-02-07T17:59:32-08:00,0,11
style.css,269,css,1481b56b,kzambani,2025-02-07,17:59:32,-08:00,2025-02-07T17:59:32-08:00,0,16
style.css,270,css,1481b56b,kzambani,2025-02-07,17:59:32,-08:00,2025-02-07T17:59:32-08:00,0,0
style.css,271,css,1481b56b,kzambani,2025-02-07,17:59:32,-08:00,2025-02-07T17:59:32-08:00,0,0
style.css,272,css,1481b56b,kzambani,2025-02-07,17:59:32,-08:00,2025-02-07T17:59:32-08:00,0,17
style.css,273,css,1481b56b,kzambani,2025-02-07,17:59:32,-08:00,2025-02-07T17:59:32-08:00,0,11
style.css,274,css,1481b56b,kzambani,2025-02-07,17:59:32,-08:00,2025-02-07T17:59:32-08:00,0,7
style.css,275,css,1481b56b,kzambani,2025-02-07,17:59:32,-08:00,2025-02-07T17:59:32-08:00,0,21
style.css,276,css,1481b56b,kzambani,2025-02-07,17:59:32,-08:00,2025-02-07T17:59:32-08:00,0,25
style.css,277,css,1481b56b,kzambani,2025-02-07,17:59:32,-08:00,2025-02-07T17:59:32-08:00,0,21
style.css,278,css,1481b56b,kzambani,2025-02-07,17:59:32,-08:00,2025-02-07T17:59:32-08:00,0,15
style.css,279,css,1481b56b,kzambani,2025-02-07,17:59:32,-08:00,2025-02-07T17:59:32-08:00,0,32
style.css,280,css,1481b56b,kzambani,2025-02-07,17:59:32,-08:00,2025-02-07T17:59:32-08:00,0,13
style.css,281,css,1481b56b,kzambani,2025-02-07,17:59:32,-08:00,2025-02-07T17:59:32-08:00,0,23
style.css,282,css,1481b56b,kzambani,2025-02-07,17:59:32,-08:00,2025-02-07T17:59:32-08:00,0,0
style.css,283,css,1481b56b,kzambani,2025-02-07,17:59:32,-08:00,2025-02-07T17:59:32-08:00,0,0
style.css,284,css,1481b56b,kzambani,2025-02-07,17:59:32,-08:00,2025-02-07T17:59:32-08:00,0,17
style.css,285,css,1481b56b,kzambani,2025-02-07,17:59:32,-08:00,2025-02-07T17:59:32-08:00,0,21
style.css,286,css,1481b56b,kzambani,2025-02-07,17:59:32,-08:00,2025-02-07T17:59:32-08:00,0,44
style.css,287,css,1481b56b,kzambani,2025-02-07,17:59:32,-08:00,2025-02-07T17:59:32-08:00,0,0
style.css,288,css,1481b56b,kzambani,2025-02-07,17:59:32,-08:00,2025-02-07T17:59:32-08:00,0,0
style.css,289,css,1481b56b,kzambani,2025-02-07,17:59:32,-08:00,2025-02-07T17:59:32-08:00,0,17
style.css,290,css,1481b56b,kzambani,2025-02-07,17:59:32,-08:00,2025-02-07T17:59:32-08:00,0,21
style.css,291,css,1481b56b,kzambani,2025-02-07,17:59:32,-08:00,2025-02-07T17:59:32-08:00,0,0
index.js,1,js,322ff4e5,kzambani,2025-01-31,11:19:28,-08:00,2025-01-31T11:19:28-08:00,0,72
index.js,2,js,322ff4e5,kzambani,2025-01-31,11:19:28,-08:00,2025-01-31T11:19:28-08:00,0,0
index.js,3,js,322ff4e5,kzambani,2025-01-31,11:19:28,-08:00,2025-01-31T11:19:28-08:00,0,30
index.js,4,js,322ff4e5,kzambani,2025-01-31,11:19:28,-08:00,2025-01-31T11:19:28-08:00,0,55
index.js,5,js,322ff4e5,kzambani,2025-01-31,11:19:28,-08:00,2025-01-31T11:19:28-08:00,0,43
index.js,6,js,322ff4e5,kzambani,2025-01-31,11:19:28,-08:00,2025-01-31T11:19:28-08:00,0,61
index.js,7,js,322ff4e5,kzambani,2025-01-31,11:19:28,-08:00,2025-01-31T11:19:28-08:00,0,0
index.js,8,js,322ff4e5,kzambani,2025-01-31,11:19:28,-08:00,2025-01-31T11:19:28-08:00,0,55
index.js,9,js,322ff4e5,kzambani,2025-01-31,11:19:28,-08:00,2025-01-31T11:19:28-08:00,0,0
index.js,10,js,322ff4e5,kzambani,2025-01-31,11:19:28,-08:00,2025-01-31T11:19:28-08:00,0,19
index.js,11,js,322ff4e5,kzambani,2025-01-31,11:19:28,-08:00,2025-01-31T11:19:28-08:00,0,52
index.js,12,js,322ff4e5,kzambani,2025-01-31,11:19:28,-08:00,2025-01-31T11:19:28-08:00,0,0
index.js,13,js,322ff4e5,kzambani,2025-01-31,11:19:28,-08:00,2025-01-31T11:19:28-08:00,0,61
index.js,14,js,322ff4e5,kzambani,2025-01-31,11:19:28,-08:00,2025-01-31T11:19:28-08:00,0,18
index.js,15,js,322ff4e5,kzambani,2025-01-31,11:19:28,-08:00,2025-01-31T11:19:28-08:00,0,25
index.js,16,js,322ff4e5,kzambani,2025-01-31,11:19:28,-08:00,2025-01-31T11:19:28-08:00,0,28
index.js,17,js,322ff4e5,kzambani,2025-01-31,11:19:28,-08:00,2025-01-31T11:19:28-08:00,0,3
index.js,18,js,322ff4e5,kzambani,2025-01-31,11:19:28,-08:00,2025-01-31T11:19:28-08:00,0,56
index.js,19,js,322ff4e5,kzambani,2025-01-31,11:19:28,-08:00,2025-01-31T11:19:28-08:00,0,56
index.js,20,js,322ff4e5,kzambani,2025-01-31,11:19:28,-08:00,2025-01-31T11:19:28-08:00,0,50
index.js,21,js,322ff4e5,kzambani,2025-01-31,11:19:28,-08:00,2025-01-31T11:19:28-08:00,0,50
index.js,22,js,322ff4e5,kzambani,2025-01-31,11:19:28,-08:00,2025-01-31T11:19:28-08:00,0,4
index.js,23,js,322ff4e5,kzambani,2025-01-31,11:19:28,-08:00,2025-01-31T11:19:28-08:00,0,1
index.js,24,js,322ff4e5,kzambani,2025-01-31,11:19:28,-08:00,2025-01-31T11:19:28-08:00,0,7
index.js,25,js,322ff4e5,kzambani,2025-01-31,11:19:28,-08:00,2025-01-31T11:19:28-08:00,0,51
index.js,26,js,322ff4e5,kzambani,2025-01-31,11:19:28,-08:00,2025-01-31T11:19:28-08:00,0,0
index.html,1,html,ea0e5db0,kzambani,2025-01-10,11:25:29,-08:00,2025-01-10T11:25:29-08:00,0,14
index.html,2,html,477c10f3,kzambani,2025-01-24,20:10:02,-08:00,2025-01-24T20:10:02-08:00,0,28
index.html,3,html,ea0e5db0,kzambani,2025-01-10,11:25:29,-08:00,2025-01-10T11:25:29-08:00,0,5
index.html,4,html,ea0e5db0,kzambani,2025-01-10,11:25:29,-08:00,2025-01-10T11:25:29-08:00,0,21
index.html,5,html,ea0e5db0,kzambani,2025-01-10,11:25:29,-08:00,2025-01-10T11:25:29-08:00,0,69
index.html,6,html,ea0e5db0,kzambani,2025-01-10,11:25:29,-08:00,2025-01-10T11:25:29-08:00,0,57
index.html,7,html,eaa2522a,kzambani,2025-01-10,15:24:28,-08:00,2025-01-10T15:24:28-08:00,0,39
index.html,8,html,322ff4e5,kzambani,2025-01-31,11:19:28,-08:00,2025-01-31T11:19:28-08:00,0,52
index.html,9,html,322ff4e5,kzambani,2025-01-31,11:19:28,-08:00,2025-01-31T11:19:28-08:00,0,51
index.html,10,html,322ff4e5,kzambani,2025-01-31,11:19:28,-08:00,2025-01-31T11:19:28-08:00,0,6
index.html,11,html,322ff4e5,kzambani,2025-01-31,11:19:28,-08:00,2025-01-31T11:19:28-08:00,0,5
index.html,12,html,ea0e5db0,kzambani,2025-01-10,11:25:29,-08:00,2025-01-10T11:25:29-08:00,0,22
index.html,13,html,ea0e5db0,kzambani,2025-01-10,11:25:29,-08:00,2025-01-10T11:25:29-08:00,0,75
index.html,14,html,eaa2522a,kzambani,2025-01-10,15:24:28,-08:00,2025-01-10T15:24:28-08:00,0,100
index.html,15,html,eaa2522a,kzambani,2025-01-10,15:24:28,-08:00,2025-01-10T15:24:28-08:00,0,24
index.html,16,html,322ff4e5,kzambani,2025-01-31,11:19:28,-08:00,2025-01-31T11:19:28-08:00,0,0
index.html,17,html,322ff4e5,kzambani,2025-01-31,11:19:28,-08:00,2025-01-31T11:19:28-08:00,0,23
index.html,18,html,322ff4e5,kzambani,2025-01-31,11:19:28,-08:00,2025-01-31T11:19:28-08:00,0,21
index.html,19,html,322ff4e5,kzambani,2025-01-31,11:19:28,-08:00,2025-01-31T11:19:28-08:00,0,50
index.html,20,html,322ff4e5,kzambani,2025-01-31,11:19:28,-08:00,2025-01-31T11:19:28-08:00,0,5
index.html,21,html,322ff4e5,kzambani,2025-01-31,11:19:28,-08:00,2025-01-31T11:19:28-08:00,0,0
index.html,22,html,322ff4e5,kzambani,2025-01-31,11:19:28,-08:00,2025-01-31T11:19:28-08:00,0,29
index.html,23,html,ea0e5db0,kzambani,2025-01-10,11:25:29,-08:00,2025-01-10T11:25:29-08:00,0,6
index.html,24,html,ea0e5db0,kzambani,2025-01-10,11:25:29,-08:00,2025-01-10T11:25:29-08:00,0,6
global.js,1,js,58da545e,kzambani,2025-01-24,20:01:55,-08:00,2025-01-24T20:01:55-08:00,0,26
global.js,2,js,58da545e,kzambani,2025-01-24,20:01:55,-08:00,2025-01-24T20:01:55-08:00,0,0
global.js,3,js,58da545e,kzambani,2025-01-24,20:01:55,-08:00,2025-01-24T20:01:55-08:00,0,43
global.js,4,js,58da545e,kzambani,2025-01-24,20:01:55,-08:00,2025-01-24T20:01:55-08:00,0,53
global.js,5,js,58da545e,kzambani,2025-01-24,20:01:55,-08:00,2025-01-24T20:01:55-08:00,0,0
global.js,6,js,58da545e,kzambani,2025-01-24,20:01:55,-08:00,2025-01-24T20:01:55-08:00,0,0
global.js,7,js,58da545e,kzambani,2025-01-24,20:01:55,-08:00,2025-01-24T20:01:55-08:00,0,12
global.js,8,js,58da545e,kzambani,2025-01-24,20:01:55,-08:00,2025-01-24T20:01:55-08:00,0,26
global.js,9,js,00000000,Not Committed Yet,2025-02-15,13:46:35,-08:00,2025-02-15T13:46:35-08:00,0,39
global.js,10,js,00000000,Not Committed Yet,2025-02-15,13:46:35,-08:00,2025-02-15T13:46:35-08:00,0,37
global.js,11,js,58da545e,kzambani,2025-01-24,20:01:55,-08:00,2025-01-24T20:01:55-08:00,0,55
global.js,12,js,00000000,Not Committed Yet,2025-02-15,13:46:35,-08:00,2025-02-15T13:46:35-08:00,0,35
global.js,13,js,00000000,Not Committed Yet,2025-02-15,13:46:35,-08:00,2025-02-15T13:46:35-08:00,0,30
global.js,14,js,58da545e,kzambani,2025-01-24,20:01:55,-08:00,2025-01-24T20:01:55-08:00,0,1
global.js,15,js,58da545e,kzambani,2025-01-24,20:01:55,-08:00,2025-01-24T20:01:55-08:00,0,0
global.js,16,js,58da545e,kzambani,2025-01-24,20:01:55,-08:00,2025-01-24T20:01:55-08:00,0,71
global.js,17,js,58da545e,kzambani,2025-01-24,20:01:55,-08:00,2025-01-24T20:01:55-08:00,0,0
global.js,18,js,58da545e,kzambani,2025-01-24,20:01:55,-08:00,2025-01-24T20:01:55-08:00,0,39
global.js,19,js,58da545e,kzambani,2025-01-24,20:01:55,-08:00,2025-01-24T20:01:55-08:00,0,26
global.js,20,js,58da545e,kzambani,2025-01-24,20:01:55,-08:00,2025-01-24T20:01:55-08:00,0,0
global.js,21,js,58da545e,kzambani,2025-01-24,20:01:55,-08:00,2025-01-24T20:01:55-08:00,0,21
global.js,22,js,58da545e,kzambani,2025-01-24,20:01:55,-08:00,2025-01-24T20:01:55-08:00,0,15
global.js,23,js,58da545e,kzambani,2025-01-24,20:01:55,-08:00,2025-01-24T20:01:55-08:00,0,19
global.js,24,js,e9637554,kzambani,2025-01-24,20:29:50,-08:00,2025-01-24T20:29:50-08:00,0,0
global.js,25,js,e9637554,kzambani,2025-01-24,20:29:50,-08:00,2025-01-24T20:29:50-08:00,0,65
global.js,26,js,e9637554,kzambani,2025-01-24,20:29:50,-08:00,2025-01-24T20:29:50-08:00,0,0
global.js,27,js,58da545e,kzambani,2025-01-24,20:01:55,-08:00,2025-01-24T20:01:55-08:00,0,35
global.js,28,js,58da545e,kzambani,2025-01-24,20:01:55,-08:00,2025-01-24T20:01:55-08:00,0,12
global.js,29,js,58da545e,kzambani,2025-01-24,20:01:55,-08:00,2025-01-24T20:01:55-08:00,0,21
global.js,30,js,e9637554,kzambani,2025-01-24,20:29:50,-08:00,2025-01-24T20:29:50-08:00,0,0
global.js,31,js,58da545e,kzambani,2025-01-24,20:01:55,-08:00,2025-01-24T20:01:55-08:00,0,18
global.js,32,js,58da545e,kzambani,2025-01-24,20:01:55,-08:00,2025-01-24T20:01:55-08:00,0,9
global.js,33,js,58da545e,kzambani,2025-01-24,20:01:55,-08:00,2025-01-24T20:01:55-08:00,0,59
global.js,34,js,58da545e,kzambani,2025-01-24,20:01:55,-08:00,2025-01-24T20:01:55-08:00,0,1
global.js,35,js,e9637554,kzambani,2025-01-24,20:29:50,-08:00,2025-01-24T20:29:50-08:00,0,0
global.js,36,js,58da545e,kzambani,2025-01-24,20:01:55,-08:00,2025-01-24T20:01:55-08:00,0,30
global.js,37,js,58da545e,kzambani,2025-01-24,20:01:55,-08:00,2025-01-24T20:01:55-08:00,0,19
global.js,38,js,58da545e,kzambani,2025-01-24,20:01:55,-08:00,2025-01-24T20:01:55-08:00,0,0
global.js,39,js,e9637554,kzambani,2025-01-24,20:29:50,-08:00,2025-01-24T20:29:50-08:00,0,0
global.js,40,js,58da545e,kzambani,2025-01-24,20:01:55,-08:00,2025-01-24T20:01:55-08:00,0,13
global.js,41,js,58da545e,kzambani,2025-01-24,20:01:55,-08:00,2025-01-24T20:01:55-08:00,0,0
global.js,42,js,58da545e,kzambani,2025-01-24,20:01:55,-08:00,2025-01-24T20:01:55-08:00,0,0
global.js,43,js,58da545e,kzambani,2025-01-24,20:01:55,-08:00,2025-01-24T20:01:55-08:00,0,17
global.js,44,js,58da545e,kzambani,2025-01-24,20:01:55,-08:00,2025-01-24T20:01:55-08:00,0,0
global.js,45,js,58da545e,kzambani,2025-01-24,20:01:55,-08:00,2025-01-24T20:01:55-08:00,0,32
global.js,46,js,58da545e,kzambani,2025-01-24,20:01:55,-08:00,2025-01-24T20:01:55-08:00,0,12
global.js,47,js,58da545e,kzambani,2025-01-24,20:01:55,-08:00,2025-01-24T20:01:55-08:00,0,0
global.js,48,js,58da545e,kzambani,2025-01-24,20:01:55,-08:00,2025-01-24T20:01:55-08:00,0,35
global.js,49,js,58da545e,kzambani,2025-01-24,20:01:55,-08:00,2025-01-24T20:01:55-08:00,0,5
global.js,50,js,58da545e,kzambani,2025-01-24,20:01:55,-08:00,2025-01-24T20:01:55-08:00,0,7
global.js,51,js,58da545e,kzambani,2025-01-24,20:01:55,-08:00,2025-01-24T20:01:55-08:00,0,38
global.js,52,js,58da545e,kzambani,2025-01-24,20:01:55,-08:00,2025-01-24T20:01:55-08:00,0,35
global.js,53,js,58da545e,kzambani,2025-01-24,20:01:55,-08:00,2025-01-24T20:01:55-08:00,0,33
global.js,54,js,58da545e,kzambani,2025-01-24,20:01:55,-08:00,2025-01-24T20:01:55-08:00,0,8
global.js,55,js,58da545e,kzambani,2025-01-24,20:01:55,-08:00,2025-01-24T20:01:55-08:00,0,8
global.js,56,js,58da545e,kzambani,2025-01-24,20:01:55,-08:00,2025-01-24T20:01:55-08:00,0,1
global.js,57,js,58da545e,kzambani,2025-01-24,20:01:55,-08:00,2025-01-24T20:01:55-08:00,0,0
global.js,58,js,58da545e,kzambani,2025-01-24,20:01:55,-08:00,2025-01-24T20:01:55-08:00,0,69
global.js,59,js,58da545e,kzambani,2025-01-24,20:01:55,-08:00,2025-01-24T20:01:55-08:00,0,37
global.js,60,js,58da545e,kzambani,2025-01-24,20:01:55,-08:00,2025-01-24T20:01:55-08:00,0,0
global.js,61,js,58da545e,kzambani,2025-01-24,20:01:55,-08:00,2025-01-24T20:01:55-08:00,0,23
global.js,62,js,58da545e,kzambani,2025-01-24,20:01:55,-08:00,2025-01-24T20:01:55-08:00,0,58
global.js,63,js,58da545e,kzambani,2025-01-24,20:01:55,-08:00,2025-01-24T20:01:55-08:00,0,25
global.js,64,js,58da545e,kzambani,2025-01-24,20:01:55,-08:00,2025-01-24T20:01:55-08:00,0,0
global.js,65,js,58da545e,kzambani,2025-01-24,20:01:55,-08:00,2025-01-24T20:01:55-08:00,0,25
global.js,66,js,58da545e,kzambani,2025-01-24,20:01:55,-08:00,2025-01-24T20:01:55-08:00,0,27
global.js,67,js,58da545e,kzambani,2025-01-24,20:01:55,-08:00,2025-01-24T20:01:55-08:00,0,38
global.js,68,js,58da545e,kzambani,2025-01-24,20:01:55,-08:00,2025-01-24T20:01:55-08:00,0,0
global.js,69,js,58da545e,kzambani,2025-01-24,20:01:55,-08:00,2025-01-24T20:01:55-08:00,0,14
global.js,70,js,58da545e,kzambani,2025-01-24,20:01:55,-08:00,2025-01-24T20:01:55-08:00,0,12
global.js,71,js,58da545e,kzambani,2025-01-24,20:01:55,-08:00,2025-01-24T20:01:55-08:00,0,32
global.js,72,js,58da545e,kzambani,2025-01-24,20:01:55,-08:00,2025-01-24T20:01:55-08:00,0,47
global.js,73,js,58da545e,kzambani,2025-01-24,20:01:55,-08:00,2025-01-24T20:01:55-08:00,0,34
global.js,74,js,58da545e,kzambani,2025-01-24,20:01:55,-08:00,2025-01-24T20:01:55-08:00,0,5
global.js,75,js,58da545e,kzambani,2025-01-24,20:01:55,-08:00,2025-01-24T20:01:55-08:00,0,11
global.js,76,js,58da545e,kzambani,2025-01-24,20:01:55,-08:00,2025-01-24T20:01:55-08:00,0,31
global.js,77,js,58da545e,kzambani,2025-01-24,20:01:55,-08:00,2025-01-24T20:01:55-08:00,0,47
global.js,78,js,58da545e,kzambani,2025-01-24,20:01:55,-08:00,2025-01-24T20:01:55-08:00,0,37
global.js,79,js,58da545e,kzambani,2025-01-24,20:01:55,-08:00,2025-01-24T20:01:55-08:00,0,5
global.js,80,js,58da545e,kzambani,2025-01-24,20:01:55,-08:00,2025-01-24T20:01:55-08:00,0,7
global.js,81,js,58da545e,kzambani,2025-01-24,20:01:55,-08:00,2025-01-24T20:01:55-08:00,0,37
global.js,82,js,58da545e,kzambani,2025-01-24,20:01:55,-08:00,2025-01-24T20:01:55-08:00,0,18
global.js,83,js,58da545e,kzambani,2025-01-24,20:01:55,-08:00,2025-01-24T20:01:55-08:00,0,40
global.js,84,js,58da545e,kzambani,2025-01-24,20:01:55,-08:00,2025-01-24T20:01:55-08:00,0,30
global.js,85,js,58da545e,kzambani,2025-01-24,20:01:55,-08:00,2025-01-24T20:01:55-08:00,0,0
global.js,86,js,58da545e,kzambani,2025-01-24,20:01:55,-08:00,2025-01-24T20:01:55-08:00,0,0
global.js,87,js,58da545e,kzambani,2025-01-24,20:01:55,-08:00,2025-01-24T20:01:55-08:00,0,36
global.js,88,js,58da545e,kzambani,2025-01-24,20:01:55,-08:00,2025-01-24T20:01:55-08:00,0,0
global.js,89,js,58da545e,kzambani,2025-01-24,20:01:55,-08:00,2025-01-24T20:01:55-08:00,0,0
global.js,90,js,58da545e,kzambani,2025-01-24,20:01:55,-08:00,2025-01-24T20:01:55-08:00,0,27
global.js,91,js,58da545e,kzambani,2025-01-24,20:01:55,-08:00,2025-01-24T20:01:55-08:00,0,22
global.js,92,js,58da545e,kzambani,2025-01-24,20:01:55,-08:00,2025-01-24T20:01:55-08:00,0,0
global.js,93,js,58da545e,kzambani,2025-01-24,20:01:55,-08:00,2025-01-24T20:01:55-08:00,0,34
global.js,94,js,58da545e,kzambani,2025-01-24,20:01:55,-08:00,2025-01-24T20:01:55-08:00,0,44
global.js,95,js,58da545e,kzambani,2025-01-24,20:01:55,-08:00,2025-01-24T20:01:55-08:00,0,30
global.js,96,js,58da545e,kzambani,2025-01-24,20:01:55,-08:00,2025-01-24T20:01:55-08:00,0,2
global.js,97,js,58da545e,kzambani,2025-01-24,20:01:55,-08:00,2025-01-24T20:01:55-08:00,0,0
global.js,98,js,e9637554,kzambani,2025-01-24,20:29:50,-08:00,2025-01-24T20:29:50-08:00,0,18
global.js,99,js,e9637554,kzambani,2025-01-24,20:29:50,-08:00,2025-01-24T20:29:50-08:00,0,0
global.js,100,js,e9637554,kzambani,2025-01-24,20:29:50,-08:00,2025-01-24T20:29:50-08:00,0,58
global.js,101,js,e9637554,kzambani,2025-01-24,20:29:50,-08:00,2025-01-24T20:29:50-08:00,0,43
global.js,102,js,e9637554,kzambani,2025-01-24,20:29:50,-08:00,2025-01-24T20:29:50-08:00,0,0
global.js,103,js,e9637554,kzambani,2025-01-24,20:29:50,-08:00,2025-01-24T20:29:50-08:00,0,50
global.js,104,js,1481b56b,kzambani,2025-02-07,17:59:32,-08:00,2025-02-07T17:59:32-08:00,0,55
global.js,105,js,e9637554,kzambani,2025-01-24,20:29:50,-08:00,2025-01-24T20:29:50-08:00,0,0
global.js,106,js,e9637554,kzambani,2025-01-24,20:29:50,-08:00,2025-01-24T20:29:50-08:00,0,35
global.js,107,js,e9637554,kzambani,2025-01-24,20:29:50,-08:00,2025-01-24T20:29:50-08:00,0,20
global.js,108,js,e9637554,kzambani,2025-01-24,20:29:50,-08:00,2025-01-24T20:29:50-08:00,0,0
global.js,109,js,e9637554,kzambani,2025-01-24,20:29:50,-08:00,2025-01-24T20:29:50-08:00,0,36
global.js,110,js,e9637554,kzambani,2025-01-24,20:29:50,-08:00,2025-01-24T20:29:50-08:00,0,24
global.js,111,js,e9637554,kzambani,2025-01-24,20:29:50,-08:00,2025-01-24T20:29:50-08:00,0,18
global.js,112,js,e9637554,kzambani,2025-01-24,20:29:50,-08:00,2025-01-24T20:29:50-08:00,0,0
global.js,113,js,e9637554,kzambani,2025-01-24,20:29:50,-08:00,2025-01-24T20:29:50-08:00,0,73
global.js,114,js,e9637554,kzambani,2025-01-24,20:29:50,-08:00,2025-01-24T20:29:50-08:00,0,0
global.js,115,js,e9637554,kzambani,2025-01-24,20:29:50,-08:00,2025-01-24T20:29:50-08:00,0,0
global.js,116,js,1481b56b,kzambani,2025-02-07,17:59:32,-08:00,2025-02-07T17:59:32-08:00,0,47
global.js,117,js,e9637554,kzambani,2025-01-24,20:29:50,-08:00,2025-01-24T20:29:50-08:00,0,50
global.js,118,js,e9637554,kzambani,2025-01-24,20:29:50,-08:00,2025-01-24T20:29:50-08:00,0,33
global.js,119,js,e9637554,kzambani,2025-01-24,20:29:50,-08:00,2025-01-24T20:29:50-08:00,0,2
global.js,120,js,e9637554,kzambani,2025-01-24,20:29:50,-08:00,2025-01-24T20:29:50-08:00,0,2
global.js,121,js,e9637554,kzambani,2025-01-24,20:29:50,-08:00,2025-01-24T20:29:50-08:00,0,0
global.js,122,js,322ff4e5,kzambani,2025-01-31,11:19:28,-08:00,2025-01-31T11:19:28-08:00,0,40
global.js,123,js,322ff4e5,kzambani,2025-01-31,11:19:28,-08:00,2025-01-31T11:19:28-08:00,0,0
global.js,124,js,322ff4e5,kzambani,2025-01-31,11:19:28,-08:00,2025-01-31T11:19:28-08:00,0,37
global.js,125,js,322ff4e5,kzambani,2025-01-31,11:19:28,-08:00,2025-01-31T11:19:28-08:00,0,4
global.js,126,js,1481b56b,kzambani,2025-02-07,17:59:32,-08:00,2025-02-07T17:59:32-08:00,0,40
global.js,127,js,322ff4e5,kzambani,2025-01-31,11:19:28,-08:00,2025-01-31T11:19:28-08:00,0,33
global.js,128,js,322ff4e5,kzambani,2025-01-31,11:19:28,-08:00,2025-01-31T11:19:28-08:00,0,21
global.js,129,js,322ff4e5,kzambani,2025-01-31,11:19:28,-08:00,2025-01-31T11:19:28-08:00,0,0
global.js,130,js,322ff4e5,kzambani,2025-01-31,11:19:28,-08:00,2025-01-31T11:19:28-08:00,0,18
global.js,131,js,322ff4e5,kzambani,2025-01-31,11:19:28,-08:00,2025-01-31T11:19:28-08:00,0,67
global.js,132,js,322ff4e5,kzambani,2025-01-31,11:19:28,-08:00,2025-01-31T11:19:28-08:00,0,0
global.js,133,js,322ff4e5,kzambani,2025-01-31,11:19:28,-08:00,2025-01-31T11:19:28-08:00,0,0
global.js,134,js,322ff4e5,kzambani,2025-01-31,11:19:28,-08:00,2025-01-31T11:19:28-08:00,0,34
global.js,135,js,322ff4e5,kzambani,2025-01-31,11:19:28,-08:00,2025-01-31T11:19:28-08:00,0,11
global.js,136,js,322ff4e5,kzambani,2025-01-31,11:19:28,-08:00,2025-01-31T11:19:28-08:00,0,0
global.js,137,js,322ff4e5,kzambani,2025-01-31,11:19:28,-08:00,2025-01-31T11:19:28-08:00,0,16
global.js,138,js,322ff4e5,kzambani,2025-01-31,11:19:28,-08:00,2025-01-31T11:19:28-08:00,0,60
global.js,139,js,322ff4e5,kzambani,2025-01-31,11:19:28,-08:00,2025-01-31T11:19:28-08:00,0,0
global.js,140,js,322ff4e5,kzambani,2025-01-31,11:19:28,-08:00,2025-01-31T11:19:28-08:00,0,0
global.js,141,js,322ff4e5,kzambani,2025-01-31,11:19:28,-08:00,2025-01-31T11:19:28-08:00,0,0
global.js,142,js,322ff4e5,kzambani,2025-01-31,11:19:28,-08:00,2025-01-31T11:19:28-08:00,0,80
global.js,143,js,322ff4e5,kzambani,2025-01-31,11:19:28,-08:00,2025-01-31T11:19:28-08:00,0,17
global.js,144,js,322ff4e5,kzambani,2025-01-31,11:19:28,-08:00,2025-01-31T11:19:28-08:00,0,65
global.js,145,js,322ff4e5,kzambani,2025-01-31,11:19:28,-08:00,2025-01-31T11:19:28-08:00,0,61
global.js,146,js,1481b56b,kzambani,2025-02-07,17:59:32,-08:00,2025-02-07T17:59:32-08:00,0,51
global.js,147,js,322ff4e5,kzambani,2025-01-31,11:19:28,-08:00,2025-01-31T11:19:28-08:00,0,0
global.js,148,js,322ff4e5,kzambani,2025-01-31,11:19:28,-08:00,2025-01-31T11:19:28-08:00,0,19
global.js,149,js,322ff4e5,kzambani,2025-01-31,11:19:28,-08:00,2025-01-31T11:19:28-08:00,0,58
global.js,150,js,322ff4e5,kzambani,2025-01-31,11:19:28,-08:00,2025-01-31T11:19:28-08:00,0,43
global.js,151,js,322ff4e5,kzambani,2025-01-31,11:19:28,-08:00,2025-01-31T11:19:28-08:00,0,76
global.js,152,js,322ff4e5,kzambani,2025-01-31,11:19:28,-08:00,2025-01-31T11:19:28-08:00,0,19
global.js,153,js,322ff4e5,kzambani,2025-01-31,11:19:28,-08:00,2025-01-31T11:19:28-08:00,0,0
global.js,154,js,1481b56b,kzambani,2025-02-07,17:59:32,-08:00,2025-02-07T17:59:32-08:00,0,0
global.js,155,js,1481b56b,kzambani,2025-02-07,17:59:32,-08:00,2025-02-07T17:59:32-08:00,0,31
global.js,156,js,322ff4e5,kzambani,2025-01-31,11:19:28,-08:00,2025-01-31T11:19:28-08:00,0,0
global.js,157,js,322ff4e5,kzambani,2025-01-31,11:19:28,-08:00,2025-01-31T11:19:28-08:00,0,33
global.js,158,js,322ff4e5,kzambani,2025-01-31,11:19:28,-08:00,2025-01-31T11:19:28-08:00,0,28
global.js,159,js,322ff4e5,kzambani,2025-01-31,11:19:28,-08:00,2025-01-31T11:19:28-08:00,0,49
global.js,160,js,322ff4e5,kzambani,2025-01-31,11:19:28,-08:00,2025-01-31T11:19:28-08:00,0,20
global.js,161,js,322ff4e5,kzambani,2025-01-31,11:19:28,-08:00,2025-01-31T11:19:28-08:00,0,50
global.js,162,js,322ff4e5,kzambani,2025-01-31,11:19:28,-08:00,2025-01-31T11:19:28-08:00,0,50
global.js,163,js,1481b56b,kzambani,2025-02-07,17:59:32,-08:00,2025-02-07T17:59:32-08:00,0,46
global.js,164,js,322ff4e5,kzambani,2025-01-31,11:19:28,-08:00,2025-01-31T11:19:28-08:00,0,1
global.js,165,js,322ff4e5,kzambani,2025-01-31,11:19:28,-08:00,2025-01-31T11:19:28-08:00,0,37
global.js,166,js,322ff4e5,kzambani,2025-01-31,11:19:28,-08:00,2025-01-31T11:19:28-08:00,0,2
global.js,167,js,322ff4e5,kzambani,2025-01-31,11:19:28,-08:00,2025-01-31T11:19:28-08:00,0,0
global.js,168,js,322ff4e5,kzambani,2025-01-31,11:19:28,-08:00,2025-01-31T11:19:28-08:00,0,22
global.js,169,js,322ff4e5,kzambani,2025-01-31,11:19:28,-08:00,2025-01-31T11:19:28-08:00,0,36
global.js,170,js,322ff4e5,kzambani,2025-01-31,11:19:28,-08:00,2025-01-31T11:19:28-08:00,0,62
global.js,171,js,322ff4e5,kzambani,2025-01-31,11:19:28,-08:00,2025-01-31T11:19:28-08:00,0,18
global.js,172,js,322ff4e5,kzambani,2025-01-31,11:19:28,-08:00,2025-01-31T11:19:28-08:00,0,53
global.js,173,js,322ff4e5,kzambani,2025-01-31,11:19:28,-08:00,2025-01-31T11:19:28-08:00,0,0
global.js,174,js,322ff4e5,kzambani,2025-01-31,11:19:28,-08:00,2025-01-31T11:19:28-08:00,0,0
global.js,175,js,322ff4e5,kzambani,2025-01-31,11:19:28,-08:00,2025-01-31T11:19:28-08:00,0,0
global.js,176,js,322ff4e5,kzambani,2025-01-31,11:19:28,-08:00,2025-01-31T11:19:28-08:00,0,22
global.js,177,js,322ff4e5,kzambani,2025-01-31,11:19:28,-08:00,2025-01-31T11:19:28-08:00,0,0
global.js,178,js,322ff4e5,kzambani,2025-01-31,11:19:28,-08:00,2025-01-31T11:19:28-08:00,0,48
global.js,179,js,322ff4e5,kzambani,2025-01-31,11:19:28,-08:00,2025-01-31T11:19:28-08:00,0,60
global.js,180,js,322ff4e5,kzambani,2025-01-31,11:19:28,-08:00,2025-01-31T11:19:28-08:00,0,0
global.js,181,js,322ff4e5,kzambani,2025-01-31,11:19:28,-08:00,2025-01-31T11:19:28-08:00,0,0
global.js,182,js,322ff4e5,kzambani,2025-01-31,11:19:28,-08:00,2025-01-31T11:19:28-08:00,0,0
global.js,183,js,322ff4e5,kzambani,2025-01-31,11:19:28,-08:00,2025-01-31T11:19:28-08:00,0,0
global.js,184,js,e9637554,kzambani,2025-01-24,20:29:50,-08:00,2025-01-24T20:29:50-08:00,0,0
global.js,185,js,e9637554,kzambani,2025-01-24,20:29:50,-08:00,2025-01-24T20:29:50-08:00,0,0
global.js,186,js,58da545e,kzambani,2025-01-24,20:01:55,-08:00,2025-01-24T20:01:55-08:00,0,0
global.js,187,js,58da545e,kzambani,2025-01-24,20:01:55,-08:00,2025-01-24T20:01:55-08:00,0,0
global.js,188,js,58da545e,kzambani,2025-01-24,20:01:55,-08:00,2025-01-24T20:01:55-08:00,0,0
resume/index.html,1,html,e8724803,kzambani,2025-01-10,18:13:48,-08:00,2025-01-10T18:13:48-08:00,0,14
resume/index.html,2,html,e8724803,kzambani,2025-01-10,18:13:48,-08:00,2025-01-10T18:13:48-08:00,0,15
resume/index.html,3,html,e8724803,kzambani,2025-01-10,18:13:48,-08:00,2025-01-10T18:13:48-08:00,0,5
resume/index.html,4,html,e8724803,kzambani,2025-01-10,18:13:48,-08:00,2025-01-10T18:13:48-08:00,0,21
resume/index.html,5,html,e8724803,kzambani,2025-01-10,18:13:48,-08:00,2025-01-10T18:13:48-08:00,0,69
resume/index.html,6,html,e8724803,kzambani,2025-01-10,18:13:48,-08:00,2025-01-10T18:13:48-08:00,0,20
resume/index.html,7,html,5d86fbef,kzambani,2025-01-17,14:48:43,-08:00,2025-01-17T14:48:43-08:00,0,42
resume/index.html,8,html,322ff4e5,kzambani,2025-01-31,11:19:28,-08:00,2025-01-31T11:19:28-08:00,0,55
resume/index.html,9,html,e8724803,kzambani,2025-01-10,18:13:48,-08:00,2025-01-10T18:13:48-08:00,0,6
resume/index.html,10,html,5d86fbef,kzambani,2025-01-17,14:48:43,-08:00,2025-01-17T14:48:43-08:00,0,20
resume/index.html,11,html,e8724803,kzambani,2025-01-10,18:13:48,-08:00,2025-01-10T18:13:48-08:00,0,14
resume/index.html,12,html,e8724803,kzambani,2025-01-10,18:13:48,-08:00,2025-01-10T18:13:48-08:00,0,7
resume/index.html,13,html,e8724803,kzambani,2025-01-10,18:13:48,-08:00,2025-01-10T18:13:48-08:00,0,22
resume/index.html,14,html,58da545e,kzambani,2025-01-24,20:01:55,-08:00,2025-01-24T20:01:55-08:00,0,0
resume/index.html,15,html,e8724803,kzambani,2025-01-10,18:13:48,-08:00,2025-01-10T18:13:48-08:00,0,2
resume/index.html,16,html,e8724803,kzambani,2025-01-10,18:13:48,-08:00,2025-01-10T18:13:48-08:00,0,29
resume/index.html,17,html,e8724803,kzambani,2025-01-10,18:13:48,-08:00,2025-01-10T18:13:48-08:00,0,72
resume/index.html,18,html,e8724803,kzambani,2025-01-10,18:13:48,-08:00,2025-01-10T18:13:48-08:00,0,3
resume/index.html,19,html,e8724803,kzambani,2025-01-10,18:13:48,-08:00,2025-01-10T18:13:48-08:00,0,8
resume/index.html,20,html,e8724803,kzambani,2025-01-10,18:13:48,-08:00,2025-01-10T18:13:48-08:00,0,0
resume/index.html,21,html,e8724803,kzambani,2025-01-10,18:13:48,-08:00,2025-01-10T18:13:48-08:00,0,17
resume/index.html,22,html,e8724803,kzambani,2025-01-10,18:13:48,-08:00,2025-01-10T18:13:48-08:00,0,8
resume/index.html,23,html,e8724803,kzambani,2025-01-10,18:13:48,-08:00,2025-01-10T18:13:48-08:00,0,17
resume/index.html,24,html,e8724803,kzambani,2025-01-10,18:13:48,-08:00,2025-01-10T18:13:48-08:00,0,3
resume/index.html,25,html,e8724803,kzambani,2025-01-10,18:13:48,-08:00,2025-01-10T18:13:48-08:00,0,3
resume/index.html,26,html,e8724803,kzambani,2025-01-10,18:13:48,-08:00,2025-01-10T18:13:48-08:00,0,83
resume/index.html,27,html,e8724803,kzambani,2025-01-10,18:13:48,-08:00,2025-01-10T18:13:48-08:00,0,48
resume/index.html,28,html,e8724803,kzambani,2025-01-10,18:13:48,-08:00,2025-01-10T18:13:48-08:00,0,4
resume/index.html,29,html,e8724803,kzambani,2025-01-10,18:13:48,-08:00,2025-01-10T18:13:48-08:00,0,4
resume/index.html,30,html,e8724803,kzambani,2025-01-10,18:13:48,-08:00,2025-01-10T18:13:48-08:00,0,9
resume/index.html,31,html,e8724803,kzambani,2025-01-10,18:13:48,-08:00,2025-01-10T18:13:48-08:00,0,0
resume/index.html,32,html,e8724803,kzambani,2025-01-10,18:13:48,-08:00,2025-01-10T18:13:48-08:00,0,27
resume/index.html,33,html,e8724803,kzambani,2025-01-10,18:13:48,-08:00,2025-01-10T18:13:48-08:00,0,8
resume/index.html,34,html,e8724803,kzambani,2025-01-10,18:13:48,-08:00,2025-01-10T18:13:48-08:00,0,27
resume/index.html,35,html,e8724803,kzambani,2025-01-10,18:13:48,-08:00,2025-01-10T18:13:48-08:00,0,3
resume/index.html,36,html,e8724803,kzambani,2025-01-10,18:13:48,-08:00,2025-01-10T18:13:48-08:00,0,36
resume/index.html,37,html,e8724803,kzambani,2025-01-10,18:13:48,-08:00,2025-01-10T18:13:48-08:00,0,34
resume/index.html,38,html,e8724803,kzambani,2025-01-10,18:13:48,-08:00,2025-01-10T18:13:48-08:00,0,39
resume/index.html,39,html,e8724803,kzambani,2025-01-10,18:13:48,-08:00,2025-01-10T18:13:48-08:00,0,39
resume/index.html,40,html,e8724803,kzambani,2025-01-10,18:13:48,-08:00,2025-01-10T18:13:48-08:00,0,38
resume/index.html,41,html,e8724803,kzambani,2025-01-10,18:13:48,-08:00,2025-01-10T18:13:48-08:00,0,22
resume/index.html,42,html,e8724803,kzambani,2025-01-10,18:13:48,-08:00,2025-01-10T18:13:48-08:00,0,4
resume/index.html,43,html,e8724803,kzambani,2025-01-10,18:13:48,-08:00,2025-01-10T18:13:48-08:00,0,9
resume/index.html,44,html,e8724803,kzambani,2025-01-10,18:13:48,-08:00,2025-01-10T18:13:48-08:00,0,0
resume/index.html,45,html,e8724803,kzambani,2025-01-10,18:13:48,-08:00,2025-01-10T18:13:48-08:00,0,27
resume/index.html,46,html,e8724803,kzambani,2025-01-10,18:13:48,-08:00,2025-01-10T18:13:48-08:00,0,8
resume/index.html,47,html,e8724803,kzambani,2025-01-10,18:13:48,-08:00,2025-01-10T18:13:48-08:00,0,27
resume/index.html,48,html,e8724803,kzambani,2025-01-10,18:13:48,-08:00,2025-01-10T18:13:48-08:00,0,3
resume/index.html,49,html,e8724803,kzambani,2025-01-10,18:13:48,-08:00,2025-01-10T18:13:48-08:00,0,3
resume/index.html,50,html,e8724803,kzambani,2025-01-10,18:13:48,-08:00,2025-01-10T18:13:48-08:00,0,67
resume/index.html,51,html,e8724803,kzambani,2025-01-10,18:13:48,-08:00,2025-01-10T18:13:48-08:00,0,26
resume/index.html,52,html,e8724803,kzambani,2025-01-10,18:13:48,-08:00,2025-01-10T18:13:48-08:00,0,3
resume/index.html,53,html,e8724803,kzambani,2025-01-10,18:13:48,-08:00,2025-01-10T18:13:48-08:00,0,120
resume/index.html,54,html,e8724803,kzambani,2025-01-10,18:13:48,-08:00,2025-01-10T18:13:48-08:00,0,150
resume/index.html,55,html,e8724803,kzambani,2025-01-10,18:13:48,-08:00,2025-01-10T18:13:48-08:00,0,145
resume/index.html,56,html,e8724803,kzambani,2025-01-10,18:13:48,-08:00,2025-01-10T18:13:48-08:00,0,4
resume/index.html,57,html,e8724803,kzambani,2025-01-10,18:13:48,-08:00,2025-01-10T18:13:48-08:00,0,4
resume/index.html,58,html,e8724803,kzambani,2025-01-10,18:13:48,-08:00,2025-01-10T18:13:48-08:00,0,3
resume/index.html,59,html,e8724803,kzambani,2025-01-10,18:13:48,-08:00,2025-01-10T18:13:48-08:00,0,57
resume/index.html,60,html,e8724803,kzambani,2025-01-10,18:13:48,-08:00,2025-01-10T18:13:48-08:00,0,10
resume/index.html,61,html,e8724803,kzambani,2025-01-10,18:13:48,-08:00,2025-01-10T18:13:48-08:00,0,3
resume/index.html,62,html,e8724803,kzambani,2025-01-10,18:13:48,-08:00,2025-01-10T18:13:48-08:00,0,112
resume/index.html,63,html,e8724803,kzambani,2025-01-10,18:13:48,-08:00,2025-01-10T18:13:48-08:00,0,112
resume/index.html,64,html,e8724803,kzambani,2025-01-10,18:13:48,-08:00,2025-01-10T18:13:48-08:00,0,4
resume/index.html,65,html,e8724803,kzambani,2025-01-10,18:13:48,-08:00,2025-01-10T18:13:48-08:00,0,4
resume/index.html,66,html,e8724803,kzambani,2025-01-10,18:13:48,-08:00,2025-01-10T18:13:48-08:00,0,4
resume/index.html,67,html,e8724803,kzambani,2025-01-10,18:13:48,-08:00,2025-01-10T18:13:48-08:00,0,9
resume/index.html,68,html,e8724803,kzambani,2025-01-10,18:13:48,-08:00,2025-01-10T18:13:48-08:00,0,0
resume/index.html,69,html,e8724803,kzambani,2025-01-10,18:13:48,-08:00,2025-01-10T18:13:48-08:00,0,24
resume/index.html,70,html,e8724803,kzambani,2025-01-10,18:13:48,-08:00,2025-01-10T18:13:48-08:00,0,8
resume/index.html,71,html,e8724803,kzambani,2025-01-10,18:13:48,-08:00,2025-01-10T18:13:48-08:00,0,24
resume/index.html,72,html,e8724803,kzambani,2025-01-10,18:13:48,-08:00,2025-01-10T18:13:48-08:00,0,3
resume/index.html,73,html,e8724803,kzambani,2025-01-10,18:13:48,-08:00,2025-01-10T18:13:48-08:00,0,64
resume/index.html,74,html,e8724803,kzambani,2025-01-10,18:13:48,-08:00,2025-01-10T18:13:48-08:00,0,63
resume/index.html,75,html,e8724803,kzambani,2025-01-10,18:13:48,-08:00,2025-01-10T18:13:48-08:00,0,4
resume/index.html,76,html,e8724803,kzambani,2025-01-10,18:13:48,-08:00,2025-01-10T18:13:48-08:00,0,9
resume/index.html,77,html,e8724803,kzambani,2025-01-10,18:13:48,-08:00,2025-01-10T18:13:48-08:00,0,0
resume/index.html,78,html,e8724803,kzambani,2025-01-10,18:13:48,-08:00,2025-01-10T18:13:48-08:00,0,36
resume/index.html,79,html,e8724803,kzambani,2025-01-10,18:13:48,-08:00,2025-01-10T18:13:48-08:00,0,8
resume/index.html,80,html,e8724803,kzambani,2025-01-10,18:13:48,-08:00,2025-01-10T18:13:48-08:00,0,36
resume/index.html,81,html,e8724803,kzambani,2025-01-10,18:13:48,-08:00,2025-01-10T18:13:48-08:00,0,3
resume/index.html,82,html,e8724803,kzambani,2025-01-10,18:13:48,-08:00,2025-01-10T18:13:48-08:00,0,3
resume/index.html,83,html,e8724803,kzambani,2025-01-10,18:13:48,-08:00,2025-01-10T18:13:48-08:00,0,51
resume/index.html,84,html,e8724803,kzambani,2025-01-10,18:13:48,-08:00,2025-01-10T18:13:48-08:00,0,40
resume/index.html,85,html,e8724803,kzambani,2025-01-10,18:13:48,-08:00,2025-01-10T18:13:48-08:00,0,3
resume/index.html,86,html,e8724803,kzambani,2025-01-10,18:13:48,-08:00,2025-01-10T18:13:48-08:00,0,120
resume/index.html,87,html,e8724803,kzambani,2025-01-10,18:13:48,-08:00,2025-01-10T18:13:48-08:00,0,98
resume/index.html,88,html,e8724803,kzambani,2025-01-10,18:13:48,-08:00,2025-01-10T18:13:48-08:00,0,4
resume/index.html,89,html,e8724803,kzambani,2025-01-10,18:13:48,-08:00,2025-01-10T18:13:48-08:00,0,4
resume/index.html,90,html,e8724803,kzambani,2025-01-10,18:13:48,-08:00,2025-01-10T18:13:48-08:00,0,3
resume/index.html,91,html,e8724803,kzambani,2025-01-10,18:13:48,-08:00,2025-01-10T18:13:48-08:00,0,55
resume/index.html,92,html,e8724803,kzambani,2025-01-10,18:13:48,-08:00,2025-01-10T18:13:48-08:00,0,25
resume/index.html,93,html,e8724803,kzambani,2025-01-10,18:13:48,-08:00,2025-01-10T18:13:48-08:00,0,3
resume/index.html,94,html,e8724803,kzambani,2025-01-10,18:13:48,-08:00,2025-01-10T18:13:48-08:00,0,129
resume/index.html,95,html,e8724803,kzambani,2025-01-10,18:13:48,-08:00,2025-01-10T18:13:48-08:00,0,78
resume/index.html,96,html,e8724803,kzambani,2025-01-10,18:13:48,-08:00,2025-01-10T18:13:48-08:00,0,95
resume/index.html,97,html,e8724803,kzambani,2025-01-10,18:13:48,-08:00,2025-01-10T18:13:48-08:00,0,82
resume/index.html,98,html,e8724803,kzambani,2025-01-10,18:13:48,-08:00,2025-01-10T18:13:48-08:00,0,4
resume/index.html,99,html,e8724803,kzambani,2025-01-10,18:13:48,-08:00,2025-01-10T18:13:48-08:00,0,4
resume/index.html,100,html,e8724803,kzambani,2025-01-10,18:13:48,-08:00,2025-01-10T18:13:48-08:00,0,4
resume/index.html,101,html,e8724803,kzambani,2025-01-10,18:13:48,-08:00,2025-01-10T18:13:48-08:00,0,9
resume/index.html,102,html,e8724803,kzambani,2025-01-10,18:13:48,-08:00,2025-01-10T18:13:48-08:00,0,6
resume/index.html,103,html,e8724803,kzambani,2025-01-10,18:13:48,-08:00,2025-01-10T18:13:48-08:00,0,6
projects/projects.js,1,js,322ff4e5,kzambani,2025-01-31,11:19:28,-08:00,2025-01-31T11:19:28-08:00,0,56
projects/projects.js,2,js,1481b56b,kzambani,2025-02-07,17:59:32,-08:00,2025-02-07T17:59:32-08:00,0,64
projects/projects.js,3,js,322ff4e5,kzambani,2025-01-31,11:19:28,-08:00,2025-01-31T11:19:28-08:00,0,0
projects/projects.js,4,js,322ff4e5,kzambani,2025-01-31,11:19:28,-08:00,2025-01-31T11:19:28-08:00,0,56
projects/projects.js,5,js,322ff4e5,kzambani,2025-01-31,11:19:28,-08:00,2025-01-31T11:19:28-08:00,0,61
projects/projects.js,6,js,322ff4e5,kzambani,2025-01-31,11:19:28,-08:00,2025-01-31T11:19:28-08:00,0,59
projects/projects.js,7,js,322ff4e5,kzambani,2025-01-31,11:19:28,-08:00,2025-01-31T11:19:28-08:00,0,0
projects/projects.js,8,js,322ff4e5,kzambani,2025-01-31,11:19:28,-08:00,2025-01-31T11:19:28-08:00,0,49
projects/projects.js,9,js,322ff4e5,kzambani,2025-01-31,11:19:28,-08:00,2025-01-31T11:19:28-08:00,0,0
projects/projects.js,10,js,1481b56b,kzambani,2025-02-07,17:59:32,-08:00,2025-02-07T17:59:32-08:00,0,27
projects/projects.js,11,js,322ff4e5,kzambani,2025-01-31,11:19:28,-08:00,2025-01-31T11:19:28-08:00,0,0
projects/projects.js,12,js,1481b56b,kzambani,2025-02-07,17:59:32,-08:00,2025-02-07T17:59:32-08:00,0,14
projects/projects.js,13,js,322ff4e5,kzambani,2025-01-31,11:19:28,-08:00,2025-01-31T11:19:28-08:00,0,0
projects/projects.js,14,js,1481b56b,kzambani,2025-02-07,17:59:32,-08:00,2025-02-07T17:59:32-08:00,0,54
projects/projects.js,15,js,1481b56b,kzambani,2025-02-07,17:59:32,-08:00,2025-02-07T17:59:32-08:00,0,0
projects/projects.js,16,js,1481b56b,kzambani,2025-02-07,17:59:32,-08:00,2025-02-07T17:59:32-08:00,0,50
projects/projects.js,17,js,1481b56b,kzambani,2025-02-07,17:59:32,-08:00,2025-02-07T17:59:32-08:00,0,51
projects/projects.js,18,js,1481b56b,kzambani,2025-02-07,17:59:32,-08:00,2025-02-07T17:59:32-08:00,0,40
projects/projects.js,19,js,1481b56b,kzambani,2025-02-07,17:59:32,-08:00,2025-02-07T17:59:32-08:00,0,57
projects/projects.js,20,js,1481b56b,kzambani,2025-02-07,17:59:32,-08:00,2025-02-07T17:59:32-08:00,0,32
projects/projects.js,21,js,1481b56b,kzambani,2025-02-07,17:59:32,-08:00,2025-02-07T17:59:32-08:00,0,2
projects/projects.js,22,js,1481b56b,kzambani,2025-02-07,17:59:32,-08:00,2025-02-07T17:59:32-08:00,0,0
projects/projects.js,23,js,1481b56b,kzambani,2025-02-07,17:59:32,-08:00,2025-02-07T17:59:32-08:00,0,22
projects/projects.js,24,js,1481b56b,kzambani,2025-02-07,17:59:32,-08:00,2025-02-07T17:59:32-08:00,0,0
projects/projects.js,25,js,1481b56b,kzambani,2025-02-07,17:59:32,-08:00,2025-02-07T17:59:32-08:00,0,39
projects/projects.js,26,js,1481b56b,kzambani,2025-02-07,17:59:32,-08:00,2025-02-07T17:59:32-08:00,0,26
projects/projects.js,27,js,1481b56b,kzambani,2025-02-07,17:59:32,-08:00,2025-02-07T17:59:32-08:00,0,30
projects/projects.js,28,js,1481b56b,kzambani,2025-02-07,17:59:32,-08:00,2025-02-07T17:59:32-08:00,0,13
projects/projects.js,29,js,1481b56b,kzambani,2025-02-07,17:59:32,-08:00,2025-02-07T17:59:32-08:00,0,15
projects/projects.js,30,js,1481b56b,kzambani,2025-02-07,17:59:32,-08:00,2025-02-07T17:59:32-08:00,0,12
projects/projects.js,31,js,1481b56b,kzambani,2025-02-07,17:59:32,-08:00,2025-02-07T17:59:32-08:00,0,1
projects/projects.js,32,js,1481b56b,kzambani,2025-02-07,17:59:32,-08:00,2025-02-07T17:59:32-08:00,0,0
projects/projects.js,33,js,1481b56b,kzambani,2025-02-07,17:59:32,-08:00,2025-02-07T17:59:32-08:00,0,19
projects/projects.js,34,js,1481b56b,kzambani,2025-02-07,17:59:32,-08:00,2025-02-07T17:59:32-08:00,0,51
projects/projects.js,35,js,1481b56b,kzambani,2025-02-07,17:59:32,-08:00,2025-02-07T17:59:32-08:00,0,36
projects/projects.js,36,js,1481b56b,kzambani,2025-02-07,17:59:32,-08:00,2025-02-07T17:59:32-08:00,0,2
projects/projects.js,37,js,1481b56b,kzambani,2025-02-07,17:59:32,-08:00,2025-02-07T17:59:32-08:00,0,0
projects/projects.js,38,js,1481b56b,kzambani,2025-02-07,17:59:32,-08:00,2025-02-07T17:59:32-08:00,0,51
projects/projects.js,39,js,1481b56b,kzambani,2025-02-07,17:59:32,-08:00,2025-02-07T17:59:32-08:00,0,51
projects/projects.js,40,js,1481b56b,kzambani,2025-02-07,17:59:32,-08:00,2025-02-07T17:59:32-08:00,0,29
projects/projects.js,41,js,1481b56b,kzambani,2025-02-07,17:59:32,-08:00,2025-02-07T17:59:32-08:00,0,0
projects/projects.js,42,js,1481b56b,kzambani,2025-02-07,17:59:32,-08:00,2025-02-07T17:59:32-08:00,0,23
projects/projects.js,43,js,1481b56b,kzambani,2025-02-07,17:59:32,-08:00,2025-02-07T17:59:32-08:00,0,42
projects/projects.js,44,js,1481b56b,kzambani,2025-02-07,17:59:32,-08:00,2025-02-07T17:59:32-08:00,0,48
projects/projects.js,45,js,1481b56b,kzambani,2025-02-07,17:59:32,-08:00,2025-02-07T17:59:32-08:00,0,0
projects/projects.js,46,js,1481b56b,kzambani,2025-02-07,17:59:32,-08:00,2025-02-07T17:59:32-08:00,0,72
projects/projects.js,47,js,1481b56b,kzambani,2025-02-07,17:59:32,-08:00,2025-02-07T17:59:32-08:00,0,0
projects/projects.js,48,js,1481b56b,kzambani,2025-02-07,17:59:32,-08:00,2025-02-07T17:59:32-08:00,0,15
projects/projects.js,49,js,1481b56b,kzambani,2025-02-07,17:59:32,-08:00,2025-02-07T17:59:32-08:00,0,62
projects/projects.js,50,js,1481b56b,kzambani,2025-02-07,17:59:32,-08:00,2025-02-07T17:59:32-08:00,0,51
projects/projects.js,51,js,1481b56b,kzambani,2025-02-07,17:59:32,-08:00,2025-02-07T17:59:32-08:00,0,37
projects/projects.js,52,js,1481b56b,kzambani,2025-02-07,17:59:32,-08:00,2025-02-07T17:59:32-08:00,0,0
projects/projects.js,53,js,1481b56b,kzambani,2025-02-07,17:59:32,-08:00,2025-02-07T17:59:32-08:00,0,29
projects/projects.js,54,js,1481b56b,kzambani,2025-02-07,17:59:32,-08:00,2025-02-07T17:59:32-08:00,0,20
projects/projects.js,55,js,1481b56b,kzambani,2025-02-07,17:59:32,-08:00,2025-02-07T17:59:32-08:00,0,13
projects/projects.js,56,js,1481b56b,kzambani,2025-02-07,17:59:32,-08:00,2025-02-07T17:59:32-08:00,0,7
projects/projects.js,57,js,1481b56b,kzambani,2025-02-07,17:59:32,-08:00,2025-02-07T17:59:32-08:00,0,14
projects/projects.js,58,js,1481b56b,kzambani,2025-02-07,17:59:32,-08:00,2025-02-07T17:59:32-08:00,0,23
projects/projects.js,59,js,1481b56b,kzambani,2025-02-07,17:59:32,-08:00,2025-02-07T17:59:32-08:00,0,33
projects/projects.js,60,js,1481b56b,kzambani,2025-02-07,17:59:32,-08:00,2025-02-07T17:59:32-08:00,0,55
projects/projects.js,61,js,1481b56b,kzambani,2025-02-07,17:59:32,-08:00,2025-02-07T17:59:32-08:00,0,32
projects/projects.js,62,js,1481b56b,kzambani,2025-02-07,17:59:32,-08:00,2025-02-07T17:59:32-08:00,0,28
projects/projects.js,63,js,1481b56b,kzambani,2025-02-07,17:59:32,-08:00,2025-02-07T17:59:32-08:00,0,44
projects/projects.js,64,js,1481b56b,kzambani,2025-02-07,17:59:32,-08:00,2025-02-07T17:59:32-08:00,0,0
projects/projects.js,65,js,1481b56b,kzambani,2025-02-07,17:59:32,-08:00,2025-02-07T17:59:32-08:00,0,31
projects/projects.js,66,js,1481b56b,kzambani,2025-02-07,17:59:32,-08:00,2025-02-07T17:59:32-08:00,0,20
projects/projects.js,67,js,1481b56b,kzambani,2025-02-07,17:59:32,-08:00,2025-02-07T17:59:32-08:00,0,67
projects/projects.js,68,js,1481b56b,kzambani,2025-02-07,17:59:32,-08:00,2025-02-07T17:59:32-08:00,0,0
projects/projects.js,69,js,1481b56b,kzambani,2025-02-07,17:59:32,-08:00,2025-02-07T17:59:32-08:00,0,28
projects/projects.js,70,js,1481b56b,kzambani,2025-02-07,17:59:32,-08:00,2025-02-07T17:59:32-08:00,0,19
projects/projects.js,71,js,1481b56b,kzambani,2025-02-07,17:59:32,-08:00,2025-02-07T17:59:32-08:00,0,15
projects/projects.js,72,js,1481b56b,kzambani,2025-02-07,17:59:32,-08:00,2025-02-07T17:59:32-08:00,0,67
projects/projects.js,73,js,1481b56b,kzambani,2025-02-07,17:59:32,-08:00,2025-02-07T17:59:32-08:00,0,0
projects/projects.js,74,js,1481b56b,kzambani,2025-02-07,17:59:32,-08:00,2025-02-07T17:59:32-08:00,0,40
projects/projects.js,75,js,1481b56b,kzambani,2025-02-07,17:59:32,-08:00,2025-02-07T17:59:32-08:00,0,26
projects/projects.js,76,js,1481b56b,kzambani,2025-02-07,17:59:32,-08:00,2025-02-07T17:59:32-08:00,0,54
projects/projects.js,77,js,1481b56b,kzambani,2025-02-07,17:59:32,-08:00,2025-02-07T17:59:32-08:00,0,7
projects/projects.js,78,js,1481b56b,kzambani,2025-02-07,17:59:32,-08:00,2025-02-07T17:59:32-08:00,0,49
projects/projects.js,79,js,1481b56b,kzambani,2025-02-07,17:59:32,-08:00,2025-02-07T17:59:32-08:00,0,87
projects/projects.js,80,js,1481b56b,kzambani,2025-02-07,17:59:32,-08:00,2025-02-07T17:59:32-08:00,0,57
projects/projects.js,81,js,1481b56b,kzambani,2025-02-07,17:59:32,-08:00,2025-02-07T17:59:32-08:00,0,0
projects/projects.js,82,js,1481b56b,kzambani,2025-02-07,17:59:32,-08:00,2025-02-07T17:59:32-08:00,0,2
projects/projects.js,83,js,1481b56b,kzambani,2025-02-07,17:59:32,-08:00,2025-02-07T17:59:32-08:00,0,0
projects/projects.js,84,js,1481b56b,kzambani,2025-02-07,17:59:32,-08:00,2025-02-07T17:59:32-08:00,0,27
projects/projects.js,85,js,1481b56b,kzambani,2025-02-07,17:59:32,-08:00,2025-02-07T17:59:32-08:00,0,33
projects/projects.js,86,js,1481b56b,kzambani,2025-02-07,17:59:32,-08:00,2025-02-07T17:59:32-08:00,0,28
projects/projects.js,87,js,1481b56b,kzambani,2025-02-07,17:59:32,-08:00,2025-02-07T17:59:32-08:00,0,18
projects/projects.js,88,js,1481b56b,kzambani,2025-02-07,17:59:32,-08:00,2025-02-07T17:59:32-08:00,0,39
projects/projects.js,89,js,1481b56b,kzambani,2025-02-07,17:59:32,-08:00,2025-02-07T17:59:32-08:00,0,69
projects/projects.js,90,js,1481b56b,kzambani,2025-02-07,17:59:32,-08:00,2025-02-07T17:59:32-08:00,0,61
projects/projects.js,91,js,1481b56b,kzambani,2025-02-07,17:59:32,-08:00,2025-02-07T17:59:32-08:00,0,19
projects/projects.js,92,js,1481b56b,kzambani,2025-02-07,17:59:32,-08:00,2025-02-07T17:59:32-08:00,0,48
projects/projects.js,93,js,1481b56b,kzambani,2025-02-07,17:59:32,-08:00,2025-02-07T17:59:32-08:00,0,0
projects/projects.js,94,js,1481b56b,kzambani,2025-02-07,17:59:32,-08:00,2025-02-07T17:59:32-08:00,0,44
projects/projects.js,95,js,1481b56b,kzambani,2025-02-07,17:59:32,-08:00,2025-02-07T17:59:32-08:00,0,36
projects/projects.js,96,js,1481b56b,kzambani,2025-02-07,17:59:32,-08:00,2025-02-07T17:59:32-08:00,0,1
projects/projects.js,97,js,1481b56b,kzambani,2025-02-07,17:59:32,-08:00,2025-02-07T17:59:32-08:00,0,0
projects/projects.js,98,js,1481b56b,kzambani,2025-02-07,17:59:32,-08:00,2025-02-07T17:59:32-08:00,0,45
projects/projects.js,99,js,1481b56b,kzambani,2025-02-07,17:59:32,-08:00,2025-02-07T17:59:32-08:00,0,36
projects/projects.js,100,js,1481b56b,kzambani,2025-02-07,17:59:32,-08:00,2025-02-07T17:59:32-08:00,0,1
projects/projects.js,101,js,1481b56b,kzambani,2025-02-07,17:59:32,-08:00,2025-02-07T17:59:32-08:00,0,2
projects/projects.js,102,js,1481b56b,kzambani,2025-02-07,17:59:32,-08:00,2025-02-07T17:59:32-08:00,0,2
projects/projects.js,103,js,1481b56b,kzambani,2025-02-07,17:59:32,-08:00,2025-02-07T17:59:32-08:00,0,0
projects/projects.js,104,js,1481b56b,kzambani,2025-02-07,17:59:32,-08:00,2025-02-07T17:59:32-08:00,0,0
projects/projects.js,105,js,1481b56b,kzambani,2025-02-07,17:59:32,-08:00,2025-02-07T17:59:32-08:00,0,51
projects/projects.js,106,js,1481b56b,kzambani,2025-02-07,17:59:32,-08:00,2025-02-07T17:59:32-08:00,0,30
projects/projects.js,107,js,1481b56b,kzambani,2025-02-07,17:59:32,-08:00,2025-02-07T17:59:32-08:00,0,32
projects/projects.js,108,js,1481b56b,kzambani,2025-02-07,17:59:32,-08:00,2025-02-07T17:59:32-08:00,0,34
projects/projects.js,109,js,1481b56b,kzambani,2025-02-07,17:59:32,-08:00,2025-02-07T17:59:32-08:00,0,59
projects/projects.js,110,js,1481b56b,kzambani,2025-02-07,17:59:32,-08:00,2025-02-07T17:59:32-08:00,0,28
projects/projects.js,111,js,1481b56b,kzambani,2025-02-07,17:59:32,-08:00,2025-02-07T17:59:32-08:00,0,2
projects/projects.js,112,js,1481b56b,kzambani,2025-02-07,17:59:32,-08:00,2025-02-07T17:59:32-08:00,0,0
projects/projects.js,113,js,1481b56b,kzambani,2025-02-07,17:59:32,-08:00,2025-02-07T17:59:32-08:00,0,0
projects/projects.js,114,js,1481b56b,kzambani,2025-02-07,17:59:32,-08:00,2025-02-07T17:59:32-08:00,0,19
projects/projects.js,115,js,1481b56b,kzambani,2025-02-07,17:59:32,-08:00,2025-02-07T17:59:32-08:00,0,24
projects/index.html,1,html,cb2f6893,kzambani,2025-01-10,15:29:44,-08:00,2025-01-10T15:29:44-08:00,0,14
projects/index.html,2,html,cb2f6893,kzambani,2025-01-10,15:29:44,-08:00,2025-01-10T15:29:44-08:00,0,15
projects/index.html,3,html,cb2f6893,kzambani,2025-01-10,15:29:44,-08:00,2025-01-10T15:29:44-08:00,0,5
projects/index.html,4,html,cb2f6893,kzambani,2025-01-10,15:29:44,-08:00,2025-01-10T15:29:44-08:00,0,21
projects/index.html,5,html,cb2f6893,kzambani,2025-01-10,15:29:44,-08:00,2025-01-10T15:29:44-08:00,0,69
projects/index.html,6,html,cb2f6893,kzambani,2025-01-10,15:29:44,-08:00,2025-01-10T15:29:44-08:00,0,22
projects/index.html,7,html,5d86fbef,kzambani,2025-01-17,14:48:43,-08:00,2025-01-17T14:48:43-08:00,0,42
projects/index.html,8,html,00000000,Not Committed Yet,2025-02-15,13:46:35,-08:00,2025-02-15T13:46:35-08:00,0,55
projects/index.html,9,html,cb2f6893,kzambani,2025-01-10,15:29:44,-08:00,2025-01-10T15:29:44-08:00,0,6
projects/index.html,10,html,cb2f6893,kzambani,2025-01-10,15:29:44,-08:00,2025-01-10T15:29:44-08:00,0,5
projects/index.html,11,html,322ff4e5,kzambani,2025-01-31,11:19:28,-08:00,2025-01-31T11:19:28-08:00,0,39
projects/index.html,12,html,1481b56b,kzambani,2025-02-07,17:59:32,-08:00,2025-02-07T17:59:32-08:00,0,0
projects/index.html,13,html,1481b56b,kzambani,2025-02-07,17:59:32,-08:00,2025-02-07T17:59:32-08:00,0,22
projects/index.html,14,html,1481b56b,kzambani,2025-02-07,17:59:32,-08:00,2025-02-07T17:59:32-08:00,0,55
projects/index.html,15,html,1481b56b,kzambani,2025-02-07,17:59:32,-08:00,2025-02-07T17:59:32-08:00,0,23
projects/index.html,16,html,1481b56b,kzambani,2025-02-07,17:59:32,-08:00,2025-02-07T17:59:32-08:00,0,5
projects/index.html,17,html,1481b56b,kzambani,2025-02-07,17:59:32,-08:00,2025-02-07T17:59:32-08:00,0,0
projects/index.html,18,html,1481b56b,kzambani,2025-02-07,17:59:32,-08:00,2025-02-07T17:59:32-08:00,0,5
projects/index.html,19,html,1481b56b,kzambani,2025-02-07,17:59:32,-08:00,2025-02-07T17:59:32-08:00,0,16
projects/index.html,20,html,1481b56b,kzambani,2025-02-07,17:59:32,-08:00,2025-02-07T17:59:32-08:00,0,12
projects/index.html,21,html,1481b56b,kzambani,2025-02-07,17:59:32,-08:00,2025-02-07T17:59:32-08:00,0,27
projects/index.html,22,html,1481b56b,kzambani,2025-02-07,17:59:32,-08:00,2025-02-07T17:59:32-08:00,0,32
projects/index.html,23,html,1481b56b,kzambani,2025-02-07,17:59:32,-08:00,2025-02-07T17:59:32-08:00,0,1
projects/index.html,24,html,1481b56b,kzambani,2025-02-07,17:59:32,-08:00,2025-02-07T17:59:32-08:00,0,0
projects/index.html,25,html,322ff4e5,kzambani,2025-01-31,11:19:28,-08:00,2025-01-31T11:19:28-08:00,0,27
projects/index.html,26,html,1481b56b,kzambani,2025-02-07,17:59:32,-08:00,2025-02-07T17:59:32-08:00,0,0
projects/index.html,27,html,322ff4e5,kzambani,2025-01-31,11:19:28,-08:00,2025-01-31T11:19:28-08:00,0,49
projects/index.html,28,html,322ff4e5,kzambani,2025-01-31,11:19:28,-08:00,2025-01-31T11:19:28-08:00,0,48
projects/index.html,29,html,cb2f6893,kzambani,2025-01-10,15:29:44,-08:00,2025-01-10T15:29:44-08:00,0,6
projects/index.html,30,html,cb2f6893,kzambani,2025-01-10,15:29:44,-08:00,2025-01-10T15:29:44-08:00,0,6
contact/index.html,1,html,cb2f6893,kzambani,2025-01-10,15:29:44,-08:00,2025-01-10T15:29:44-08:00,0,14
contact/index.html,2,html,cb2f6893,kzambani,2025-01-10,15:29:44,-08:00,2025-01-10T15:29:44-08:00,0,15
contact/index.html,3,html,cb2f6893,kzambani,2025-01-10,15:29:44,-08:00,2025-01-10T15:29:44-08:00,0,5
contact/index.html,4,html,cb2f6893,kzambani,2025-01-10,15:29:44,-08:00,2025-01-10T15:29:44-08:00,0,21
contact/index.html,5,html,cb2f6893,kzambani,2025-01-10,15:29:44,-08:00,2025-01-10T15:29:44-08:00,0,69
contact/index.html,6,html,cb2f6893,kzambani,2025-01-10,15:29:44,-08:00,2025-01-10T15:29:44-08:00,0,21
contact/index.html,7,html,5d86fbef,kzambani,2025-01-17,14:48:43,-08:00,2025-01-17T14:48:43-08:00,0,42
contact/index.html,8,html,322ff4e5,kzambani,2025-01-31,11:19:28,-08:00,2025-01-31T11:19:28-08:00,0,55
contact/index.html,9,html,cb2f6893,kzambani,2025-01-10,15:29:44,-08:00,2025-01-10T15:29:44-08:00,0,6
contact/index.html,10,html,cb2f6893,kzambani,2025-01-10,15:29:44,-08:00,2025-01-10T15:29:44-08:00,0,5
contact/index.html,11,html,cb2f6893,kzambani,2025-01-10,15:29:44,-08:00,2025-01-10T15:29:44-08:00,0,27
contact/index.html,12,html,58da545e,kzambani,2025-01-24,20:01:55,-08:00,2025-01-24T20:01:55-08:00,0,0
contact/index.html,13,html,e9637554,kzambani,2025-01-24,20:29:50,-08:00,2025-01-24T20:29:50-08:00,0,52
contact/index.html,14,html,e8724803,kzambani,2025-01-10,18:13:48,-08:00,2025-01-10T18:13:48-08:00,0,6
contact/index.html,15,html,e8724803,kzambani,2025-01-10,18:13:48,-08:00,2025-01-10T18:13:48-08:00,0,7
contact/index.html,16,html,e8724803,kzambani,2025-01-10,18:13:48,-08:00,2025-01-10T18:13:48-08:00,0,30
contact/index.html,17,html,e8724803,kzambani,2025-01-10,18:13:48,-08:00,2025-01-10T18:13:48-08:00,0,7
contact/index.html,18,html,e8724803,kzambani,2025-01-10,18:13:48,-08:00,2025-01-10T18:13:48-08:00,0,6
contact/index.html,19,html,e8724803,kzambani,2025-01-10,18:13:48,-08:00,2025-01-10T18:13:48-08:00,0,7
contact/index.html,20,html,e8724803,kzambani,2025-01-10,18:13:48,-08:00,2025-01-10T18:13:48-08:00,0,41
contact/index.html,21,html,e8724803,kzambani,2025-01-10,18:13:48,-08:00,2025-01-10T18:13:48-08:00,0,7
contact/index.html,22,html,e8724803,kzambani,2025-01-10,18:13:48,-08:00,2025-01-10T18:13:48-08:00,0,22
contact/index.html,23,html,e9637554,kzambani,2025-01-24,20:29:50,-08:00,2025-01-24T20:29:50-08:00,0,6
contact/index.html,24,html,cb2f6893,kzambani,2025-01-10,15:29:44,-08:00,2025-01-10T15:29:44-08:00,0,6
contact/index.html,25,html,cb2f6893,kzambani,2025-01-10,15:29:44,-08:00,2025-01-10T15:29:44-08:00,0,6
